"Date and Time 9.9","Time (s) 9.9","Force (N) 9.9","Date and Time 11.4","Time (s) 11.4","Force (N) 11.4","Date and Time 13.6","Time (s) 13.6","Force (N) 13.6","Date and Time 15.2","Time (s) 15.2","Force (N) 15.2","Date and Time 16.7","Time (s) 16.7","Force (N) 16.7","Date and Time 17.7","Time (s) 17.7","Force (N) 17.7","Date and Time 19.0","Time (s) 19.0","Force (N) 19.0","Date and Time 20.1","Time (s) 20.1","Force (N) 20.1","Date and Time 21.4","Time (s) 21.4","Force (N) 21.4"
10/29/2021 02:12:55 pm,0.000,0.0,10/29/2021 02:13:27 pm,0.000,0.0,10/29/2021 02:14:05 pm,0.000,0.0,10/29/2021 02:14:57 pm,0.000,0.0,10/29/2021 02:16:26 pm,0.000,-1.0,10/29/2021 02:18:20 pm,0.000,-0.3,10/29/2021 02:19:50 pm,0.000,0.0,10/29/2021 02:21:50 pm,0.000,-0.9,10/29/2021 02:25:44 pm,0.000,0.0
10/29/2021 02:12:55 pm,0.050,0.0,10/29/2021 02:13:27 pm,0.050,0.0,10/29/2021 02:14:05 pm,0.050,0.0,10/29/2021 02:14:57 pm,0.050,0.0,10/29/2021 02:16:26 pm,0.050,-0.9,10/29/2021 02:18:20 pm,0.050,-0.5,10/29/2021 02:19:50 pm,0.050,-0.1,10/29/2021 02:21:50 pm,0.050,-1.0,10/29/2021 02:25:44 pm,0.050,0.0
10/29/2021 02:12:55 pm,0.100,0.0,10/29/2021 02:13:27 pm,0.100,0.0,10/29/2021 02:14:05 pm,0.100,0.0,10/29/2021 02:14:57 pm,0.100,0.0,10/29/2021 02:16:26 pm,0.100,-1.0,10/29/2021 02:18:20 pm,0.100,-0.6,10/29/2021 02:19:50 pm,0.100,-0.4,10/29/2021 02:21:50 pm,0.100,-1.2,10/29/2021 02:25:44 pm,0.100,0.0
10/29/2021 02:12:55 pm,0.150,0.0,10/29/2021 02:13:27 pm,0.150,0.0,10/29/2021 02:14:05 pm,0.150,-0.1,10/29/2021 02:14:57 pm,0.150,0.0,10/29/2021 02:16:26 pm,0.150,-0.9,10/29/2021 02:18:20 pm,0.150,-0.8,10/29/2021 02:19:50 pm,0.150,-1.1,10/29/2021 02:21:50 pm,0.150,-0.9,10/29/2021 02:25:44 pm,0.150,0.0
10/29/2021 02:12:55 pm,0.200,0.0,10/29/2021 02:13:27 pm,0.200,0.0,10/29/2021 02:14:05 pm,0.200,-0.8,10/29/2021 02:14:57 pm,0.200,0.0,10/29/2021 02:16:26 pm,0.200,-1.0,10/29/2021 02:18:20 pm,0.200,-0.8,10/29/2021 02:19:50 pm,0.200,-1.2,10/29/2021 02:21:50 pm,0.200,-0.9,10/29/2021 02:25:44 pm,0.200,0.0
10/29/2021 02:12:55 pm,0.250,0.0,10/29/2021 02:13:27 pm,0.250,0.0,10/29/2021 02:14:05 pm,0.250,-1.1,10/29/2021 02:14:57 pm,0.250,0.0,10/29/2021 02:16:26 pm,0.250,-1.0,10/29/2021 02:18:20 pm,0.250,-1.0,10/29/2021 02:19:50 pm,0.250,-1.3,10/29/2021 02:21:50 pm,0.250,-0.7,10/29/2021 02:25:44 pm,0.250,0.0
10/29/2021 02:12:55 pm,0.300,0.0,10/29/2021 02:13:27 pm,0.300,0.0,10/29/2021 02:14:05 pm,0.300,-1.1,10/29/2021 02:14:57 pm,0.300,0.0,10/29/2021 02:16:26 pm,0.300,-1.0,10/29/2021 02:18:20 pm,0.300,-1.1,10/29/2021 02:19:50 pm,0.300,-1.5,10/29/2021 02:21:50 pm,0.300,-0.8,10/29/2021 02:25:44 pm,0.300,0.0
10/29/2021 02:12:55 pm,0.350,0.0,10/29/2021 02:13:27 pm,0.350,0.0,10/29/2021 02:14:05 pm,0.350,-0.9,10/29/2021 02:14:57 pm,0.350,-0.1,10/29/2021 02:16:26 pm,0.350,-1.0,10/29/2021 02:18:20 pm,0.350,-1.2,10/29/2021 02:19:50 pm,0.350,-1.8,10/29/2021 02:21:50 pm,0.350,-0.8,10/29/2021 02:25:44 pm,0.350,0.0
10/29/2021 02:12:55 pm,0.400,-0.1,10/29/2021 02:13:27 pm,0.400,0.0,10/29/2021 02:14:05 pm,0.400,-0.8,10/29/2021 02:14:57 pm,0.400,-0.3,10/29/2021 02:16:26 pm,0.400,-1.0,10/29/2021 02:18:20 pm,0.400,-0.9,10/29/2021 02:19:50 pm,0.400,-1.1,10/29/2021 02:21:50 pm,0.400,-0.8,10/29/2021 02:25:44 pm,0.400,0.0
10/29/2021 02:12:55 pm,0.450,0.0,10/29/2021 02:13:27 pm,0.450,0.0,10/29/2021 02:14:05 pm,0.450,-0.9,10/29/2021 02:14:57 pm,0.450,-0.4,10/29/2021 02:16:26 pm,0.450,-1.0,10/29/2021 02:18:20 pm,0.450,-1.0,10/29/2021 02:19:50 pm,0.450,-1.0,10/29/2021 02:21:50 pm,0.450,-0.8,10/29/2021 02:25:44 pm,0.450,0.0
10/29/2021 02:12:55 pm,0.500,0.0,10/29/2021 02:13:27 pm,0.500,0.0,10/29/2021 02:14:05 pm,0.500,-1.1,10/29/2021 02:14:57 pm,0.500,-0.6,10/29/2021 02:16:26 pm,0.500,-1.0,10/29/2021 02:18:20 pm,0.500,-1.0,10/29/2021 02:19:50 pm,0.500,-0.9,10/29/2021 02:21:50 pm,0.500,-0.8,10/29/2021 02:25:44 pm,0.500,0.0
10/29/2021 02:12:55 pm,0.550,0.0,10/29/2021 02:13:27 pm,0.550,0.0,10/29/2021 02:14:05 pm,0.550,-1.3,10/29/2021 02:14:57 pm,0.550,-0.8,10/29/2021 02:16:26 pm,0.550,-1.0,10/29/2021 02:18:20 pm,0.550,-0.9,10/29/2021 02:19:50 pm,0.550,-1.0,10/29/2021 02:21:50 pm,0.550,-0.8,10/29/2021 02:25:44 pm,0.550,0.0
10/29/2021 02:12:55 pm,0.600,0.0,10/29/2021 02:13:27 pm,0.600,0.0,10/29/2021 02:14:05 pm,0.600,-1.2,10/29/2021 02:14:57 pm,0.600,-1.1,10/29/2021 02:16:26 pm,0.600,-0.9,10/29/2021 02:18:20 pm,0.600,-0.9,10/29/2021 02:19:50 pm,0.600,-1.0,10/29/2021 02:21:50 pm,0.600,-0.8,10/29/2021 02:25:44 pm,0.600,0.0
10/29/2021 02:12:55 pm,0.650,0.0,10/29/2021 02:13:27 pm,0.650,0.0,10/29/2021 02:14:05 pm,0.650,-1.2,10/29/2021 02:14:57 pm,0.650,-1.3,10/29/2021 02:16:26 pm,0.650,-0.9,10/29/2021 02:18:20 pm,0.650,-0.8,10/29/2021 02:19:50 pm,0.650,-1.0,10/29/2021 02:21:50 pm,0.650,-0.8,10/29/2021 02:25:44 pm,0.650,0.0
10/29/2021 02:12:55 pm,0.700,0.0,10/29/2021 02:13:27 pm,0.700,0.0,10/29/2021 02:14:05 pm,0.700,-1.2,10/29/2021 02:14:57 pm,0.700,-1.1,10/29/2021 02:16:26 pm,0.700,-1.0,10/29/2021 02:18:20 pm,0.700,-1.0,10/29/2021 02:19:50 pm,0.700,-0.9,10/29/2021 02:21:50 pm,0.700,-0.8,10/29/2021 02:25:44 pm,0.700,-0.4
10/29/2021 02:12:55 pm,0.750,0.0,10/29/2021 02:13:27 pm,0.750,0.0,10/29/2021 02:14:05 pm,0.750,-1.3,10/29/2021 02:14:57 pm,0.750,-1.0,10/29/2021 02:16:26 pm,0.750,-0.9,10/29/2021 02:18:20 pm,0.750,-0.9,10/29/2021 02:19:50 pm,0.750,-0.9,10/29/2021 02:21:50 pm,0.750,-0.7,10/29/2021 02:25:44 pm,0.750,-1.1
10/29/2021 02:12:55 pm,0.800,0.0,10/29/2021 02:13:27 pm,0.800,0.1,10/29/2021 02:14:05 pm,0.800,-1.3,10/29/2021 02:14:57 pm,0.800,-1.0,10/29/2021 02:16:26 pm,0.800,-0.8,10/29/2021 02:18:20 pm,0.800,-0.8,10/29/2021 02:19:50 pm,0.800,-0.9,10/29/2021 02:21:50 pm,0.800,-0.7,10/29/2021 02:25:44 pm,0.800,-1.3
10/29/2021 02:12:55 pm,0.850,0.0,10/29/2021 02:13:27 pm,0.850,0.0,10/29/2021 02:14:05 pm,0.850,-1.3,10/29/2021 02:14:57 pm,0.850,-1.0,10/29/2021 02:16:26 pm,0.850,-0.8,10/29/2021 02:18:20 pm,0.850,-0.9,10/29/2021 02:19:50 pm,0.850,-0.9,10/29/2021 02:21:50 pm,0.850,-0.7,10/29/2021 02:25:44 pm,0.850,-1.1
10/29/2021 02:12:55 pm,0.900,0.0,10/29/2021 02:13:27 pm,0.900,0.0,10/29/2021 02:14:05 pm,0.900,-1.4,10/29/2021 02:14:57 pm,0.900,-1.0,10/29/2021 02:16:26 pm,0.900,-0.9,10/29/2021 02:18:20 pm,0.900,-0.8,10/29/2021 02:19:50 pm,0.900,-0.9,10/29/2021 02:21:50 pm,0.900,-0.7,10/29/2021 02:25:44 pm,0.900,-1.0
10/29/2021 02:12:55 pm,0.950,0.0,10/29/2021 02:13:27 pm,0.950,0.1,10/29/2021 02:14:05 pm,0.950,-1.4,10/29/2021 02:14:57 pm,0.950,-1.0,10/29/2021 02:16:26 pm,0.950,-0.9,10/29/2021 02:18:20 pm,0.950,-0.8,10/29/2021 02:19:50 pm,0.950,-0.9,10/29/2021 02:21:50 pm,0.950,-0.7,10/29/2021 02:25:44 pm,0.950,-1.0
10/29/2021 02:12:56 pm,1.000,0.0,10/29/2021 02:13:28 pm,1.000,0.0,10/29/2021 02:14:06 pm,1.000,-1.4,10/29/2021 02:14:58 pm,1.000,-1.0,10/29/2021 02:16:27 pm,1.000,-0.9,10/29/2021 02:18:21 pm,1.000,-0.8,10/29/2021 02:19:51 pm,1.000,-0.8,10/29/2021 02:21:51 pm,1.000,-0.8,10/29/2021 02:25:45 pm,1.000,-0.9
10/29/2021 02:12:56 pm,1.050,0.1,10/29/2021 02:13:28 pm,1.050,0.0,10/29/2021 02:14:06 pm,1.050,-1.4,10/29/2021 02:14:58 pm,1.050,-1.1,10/29/2021 02:16:27 pm,1.050,-0.9,10/29/2021 02:18:21 pm,1.050,-0.8,10/29/2021 02:19:51 pm,1.050,-0.8,10/29/2021 02:21:51 pm,1.050,-0.7,10/29/2021 02:25:45 pm,1.050,-0.9
10/29/2021 02:12:56 pm,1.100,0.1,10/29/2021 02:13:28 pm,1.100,0.0,10/29/2021 02:14:06 pm,1.100,-1.4,10/29/2021 02:14:58 pm,1.100,-1.0,10/29/2021 02:16:27 pm,1.100,-0.9,10/29/2021 02:18:21 pm,1.100,-0.8,10/29/2021 02:19:51 pm,1.100,-0.8,10/29/2021 02:21:51 pm,1.100,-0.7,10/29/2021 02:25:45 pm,1.100,-0.9
10/29/2021 02:12:56 pm,1.150,0.0,10/29/2021 02:13:28 pm,1.150,0.0,10/29/2021 02:14:06 pm,1.150,-1.5,10/29/2021 02:14:58 pm,1.150,-1.1,10/29/2021 02:16:27 pm,1.150,-0.8,10/29/2021 02:18:21 pm,1.150,-0.9,10/29/2021 02:19:51 pm,1.150,-0.9,10/29/2021 02:21:51 pm,1.150,-0.7,10/29/2021 02:25:45 pm,1.150,-0.9
10/29/2021 02:12:56 pm,1.200,0.0,10/29/2021 02:13:28 pm,1.200,0.0,10/29/2021 02:14:06 pm,1.200,-1.6,10/29/2021 02:14:58 pm,1.200,-1.0,10/29/2021 02:16:27 pm,1.200,-0.8,10/29/2021 02:18:21 pm,1.200,-0.8,10/29/2021 02:19:51 pm,1.200,-0.9,10/29/2021 02:21:51 pm,1.200,-0.8,10/29/2021 02:25:45 pm,1.200,-0.9
10/29/2021 02:12:56 pm,1.250,0.0,10/29/2021 02:13:28 pm,1.250,0.0,10/29/2021 02:14:06 pm,1.250,-1.6,10/29/2021 02:14:58 pm,1.250,-1.1,10/29/2021 02:16:27 pm,1.250,-0.8,10/29/2021 02:18:21 pm,1.250,-0.8,10/29/2021 02:19:51 pm,1.250,-0.8,10/29/2021 02:21:51 pm,1.250,-0.8,10/29/2021 02:25:45 pm,1.250,-0.9
10/29/2021 02:12:56 pm,1.300,0.0,10/29/2021 02:13:28 pm,1.300,0.0,10/29/2021 02:14:06 pm,1.300,-1.5,10/29/2021 02:14:58 pm,1.300,-1.0,10/29/2021 02:16:27 pm,1.300,-0.9,10/29/2021 02:18:21 pm,1.300,-0.8,10/29/2021 02:19:51 pm,1.300,-0.8,10/29/2021 02:21:51 pm,1.300,-0.8,10/29/2021 02:25:45 pm,1.300,-0.9
10/29/2021 02:12:56 pm,1.350,-0.1,10/29/2021 02:13:28 pm,1.350,0.0,10/29/2021 02:14:06 pm,1.350,-1.4,10/29/2021 02:14:58 pm,1.350,-1.0,10/29/2021 02:16:27 pm,1.350,-0.8,10/29/2021 02:18:21 pm,1.350,-0.8,10/29/2021 02:19:51 pm,1.350,-0.8,10/29/2021 02:21:51 pm,1.350,-0.8,10/29/2021 02:25:45 pm,1.350,-0.9
10/29/2021 02:12:56 pm,1.400,-0.8,10/29/2021 02:13:28 pm,1.400,0.0,10/29/2021 02:14:06 pm,1.400,-1.3,10/29/2021 02:14:58 pm,1.400,-0.9,10/29/2021 02:16:27 pm,1.400,-0.8,10/29/2021 02:18:21 pm,1.400,-0.8,10/29/2021 02:19:51 pm,1.400,-0.8,10/29/2021 02:21:51 pm,1.400,-0.8,10/29/2021 02:25:45 pm,1.400,-0.8
10/29/2021 02:12:56 pm,1.450,-0.6,10/29/2021 02:13:28 pm,1.450,0.0,10/29/2021 02:14:06 pm,1.450,-1.2,10/29/2021 02:14:58 pm,1.450,-0.9,10/29/2021 02:16:27 pm,1.450,-0.8,10/29/2021 02:18:21 pm,1.450,-0.9,10/29/2021 02:19:51 pm,1.450,-0.8,10/29/2021 02:21:51 pm,1.450,-0.7,10/29/2021 02:25:45 pm,1.450,-0.8
10/29/2021 02:12:56 pm,1.500,-0.6,10/29/2021 02:13:28 pm,1.500,0.0,10/29/2021 02:14:06 pm,1.500,-1.0,10/29/2021 02:14:58 pm,1.500,-0.9,10/29/2021 02:16:27 pm,1.500,-0.9,10/29/2021 02:18:21 pm,1.500,-0.8,10/29/2021 02:19:51 pm,1.500,-0.8,10/29/2021 02:21:51 pm,1.500,-0.8,10/29/2021 02:25:45 pm,1.500,-0.8
10/29/2021 02:12:56 pm,1.550,-0.8,10/29/2021 02:13:28 pm,1.550,0.0,10/29/2021 02:14:06 pm,1.550,-1.0,10/29/2021 02:14:58 pm,1.550,-0.9,10/29/2021 02:16:27 pm,1.550,-0.9,10/29/2021 02:18:21 pm,1.550,-0.8,10/29/2021 02:19:51 pm,1.550,-0.8,10/29/2021 02:21:51 pm,1.550,-0.8,10/29/2021 02:25:45 pm,1.550,-0.7
10/29/2021 02:12:56 pm,1.600,-0.7,10/29/2021 02:13:28 pm,1.600,0.0,10/29/2021 02:14:06 pm,1.600,-1.0,10/29/2021 02:14:58 pm,1.600,-1.0,10/29/2021 02:16:27 pm,1.600,-0.9,10/29/2021 02:18:21 pm,1.600,-0.9,10/29/2021 02:19:51 pm,1.600,-0.8,10/29/2021 02:21:51 pm,1.600,-0.7,10/29/2021 02:25:45 pm,1.600,-0.7
10/29/2021 02:12:56 pm,1.650,-0.9,10/29/2021 02:13:28 pm,1.650,0.0,10/29/2021 02:14:06 pm,1.650,-1.1,10/29/2021 02:14:58 pm,1.650,-0.9,10/29/2021 02:16:27 pm,1.650,-0.8,10/29/2021 02:18:21 pm,1.650,-0.8,10/29/2021 02:19:51 pm,1.650,-0.8,10/29/2021 02:21:51 pm,1.650,-0.7,10/29/2021 02:25:45 pm,1.650,-0.7
10/29/2021 02:12:56 pm,1.700,-1.0,10/29/2021 02:13:28 pm,1.700,-0.5,10/29/2021 02:14:06 pm,1.700,-1.1,10/29/2021 02:14:58 pm,1.700,-1.0,10/29/2021 02:16:27 pm,1.700,-0.8,10/29/2021 02:18:21 pm,1.700,-0.9,10/29/2021 02:19:51 pm,1.700,-0.8,10/29/2021 02:21:51 pm,1.700,-0.7,10/29/2021 02:25:45 pm,1.700,-0.7
10/29/2021 02:12:56 pm,1.750,-1.0,10/29/2021 02:13:28 pm,1.750,-0.8,10/29/2021 02:14:06 pm,1.750,-1.2,10/29/2021 02:14:58 pm,1.750,-0.9,10/29/2021 02:16:27 pm,1.750,-0.8,10/29/2021 02:18:21 pm,1.750,-0.8,10/29/2021 02:19:51 pm,1.750,-0.9,10/29/2021 02:21:51 pm,1.750,-0.8,10/29/2021 02:25:45 pm,1.750,-0.7
10/29/2021 02:12:56 pm,1.800,-0.9,10/29/2021 02:13:28 pm,1.800,-1.0,10/29/2021 02:14:06 pm,1.800,-1.1,10/29/2021 02:14:58 pm,1.800,-0.9,10/29/2021 02:16:27 pm,1.800,-0.9,10/29/2021 02:18:21 pm,1.800,-0.8,10/29/2021 02:19:51 pm,1.800,-0.9,10/29/2021 02:21:51 pm,1.800,-0.8,10/29/2021 02:25:45 pm,1.800,-0.8
10/29/2021 02:12:56 pm,1.850,-1.0,10/29/2021 02:13:28 pm,1.850,-0.9,10/29/2021 02:14:06 pm,1.850,-1.0,10/29/2021 02:14:58 pm,1.850,-0.9,10/29/2021 02:16:27 pm,1.850,-0.9,10/29/2021 02:18:21 pm,1.850,-0.9,10/29/2021 02:19:51 pm,1.850,-0.8,10/29/2021 02:21:51 pm,1.850,-0.8,10/29/2021 02:25:45 pm,1.850,-0.8
10/29/2021 02:12:56 pm,1.900,-0.8,10/29/2021 02:13:28 pm,1.900,-1.0,10/29/2021 02:14:06 pm,1.900,-1.0,10/29/2021 02:14:58 pm,1.900,-0.9,10/29/2021 02:16:27 pm,1.900,-0.8,10/29/2021 02:18:21 pm,1.900,-0.8,10/29/2021 02:19:51 pm,1.900,-0.8,10/29/2021 02:21:51 pm,1.900,-0.8,10/29/2021 02:25:45 pm,1.900,-0.8
10/29/2021 02:12:56 pm,1.950,-0.9,10/29/2021 02:13:28 pm,1.950,-1.1,10/29/2021 02:14:06 pm,1.950,-1.0,10/29/2021 02:14:58 pm,1.950,-0.9,10/29/2021 02:16:27 pm,1.950,-0.9,10/29/2021 02:18:21 pm,1.950,-0.8,10/29/2021 02:19:51 pm,1.950,-0.8,10/29/2021 02:21:51 pm,1.950,-0.8,10/29/2021 02:25:45 pm,1.950,-0.8
10/29/2021 02:12:57 pm,2.000,-0.7,10/29/2021 02:13:29 pm,2.000,-1.2,10/29/2021 02:14:07 pm,2.000,-1.1,10/29/2021 02:14:59 pm,2.000,-0.9,10/29/2021 02:16:28 pm,2.000,-0.9,10/29/2021 02:18:22 pm,2.000,-0.8,10/29/2021 02:19:52 pm,2.000,-0.8,10/29/2021 02:21:52 pm,2.000,-0.8,10/29/2021 02:25:46 pm,2.000,-0.8
10/29/2021 02:12:57 pm,2.050,-0.6,10/29/2021 02:13:29 pm,2.050,-1.2,10/29/2021 02:14:07 pm,2.050,-1.1,10/29/2021 02:14:59 pm,2.050,-1.0,10/29/2021 02:16:28 pm,2.050,-0.9,10/29/2021 02:18:22 pm,2.050,-0.9,10/29/2021 02:19:52 pm,2.050,-0.8,10/29/2021 02:21:52 pm,2.050,-0.7,10/29/2021 02:25:46 pm,2.050,-0.8
10/29/2021 02:12:57 pm,2.100,-0.8,10/29/2021 02:13:29 pm,2.100,-1.1,10/29/2021 02:14:07 pm,2.100,-1.1,10/29/2021 02:14:59 pm,2.100,-1.0,10/29/2021 02:16:28 pm,2.100,-0.9,10/29/2021 02:18:22 pm,2.100,-0.8,10/29/2021 02:19:52 pm,2.100,-0.8,10/29/2021 02:21:52 pm,2.100,-0.8,10/29/2021 02:25:46 pm,2.100,-0.8
10/29/2021 02:12:57 pm,2.150,-0.9,10/29/2021 02:13:29 pm,2.150,-1.1,10/29/2021 02:14:07 pm,2.150,-1.1,10/29/2021 02:14:59 pm,2.150,-0.9,10/29/2021 02:16:28 pm,2.150,-0.9,10/29/2021 02:18:22 pm,2.150,-0.9,10/29/2021 02:19:52 pm,2.150,-0.8,10/29/2021 02:21:52 pm,2.150,-0.7,10/29/2021 02:25:46 pm,2.150,-0.8
10/29/2021 02:12:57 pm,2.200,-0.9,10/29/2021 02:13:29 pm,2.200,-1.1,10/29/2021 02:14:07 pm,2.200,-1.0,10/29/2021 02:14:59 pm,2.200,-1.0,10/29/2021 02:16:28 pm,2.200,-0.9,10/29/2021 02:18:22 pm,2.200,-0.8,10/29/2021 02:19:52 pm,2.200,-0.8,10/29/2021 02:21:52 pm,2.200,-0.7,10/29/2021 02:25:46 pm,2.200,-0.8
10/29/2021 02:12:57 pm,2.250,-0.8,10/29/2021 02:13:29 pm,2.250,-1.0,10/29/2021 02:14:07 pm,2.250,-1.1,10/29/2021 02:14:59 pm,2.250,-1.0,10/29/2021 02:16:28 pm,2.250,-0.9,10/29/2021 02:18:22 pm,2.250,-0.8,10/29/2021 02:19:52 pm,2.250,-0.8,10/29/2021 02:21:52 pm,2.250,-0.7,10/29/2021 02:25:46 pm,2.250,-0.8
10/29/2021 02:12:57 pm,2.300,-0.7,10/29/2021 02:13:29 pm,2.300,-1.0,10/29/2021 02:14:07 pm,2.300,-1.0,10/29/2021 02:14:59 pm,2.300,-1.0,10/29/2021 02:16:28 pm,2.300,-1.0,10/29/2021 02:18:22 pm,2.300,-0.8,10/29/2021 02:19:52 pm,2.300,-0.8,10/29/2021 02:21:52 pm,2.300,-0.8,10/29/2021 02:25:46 pm,2.300,-0.7
10/29/2021 02:12:57 pm,2.350,-0.6,10/29/2021 02:13:29 pm,2.350,-1.0,10/29/2021 02:14:07 pm,2.350,-1.0,10/29/2021 02:14:59 pm,2.350,-1.0,10/29/2021 02:16:28 pm,2.350,-0.9,10/29/2021 02:18:22 pm,2.350,-0.9,10/29/2021 02:19:52 pm,2.350,-0.8,10/29/2021 02:21:52 pm,2.350,-0.6,10/29/2021 02:25:46 pm,2.350,-0.8
10/29/2021 02:12:57 pm,2.400,-0.7,10/29/2021 02:13:29 pm,2.400,-1.1,10/29/2021 02:14:07 pm,2.400,-0.9,10/29/2021 02:14:59 pm,2.400,-1.0,10/29/2021 02:16:28 pm,2.400,-0.9,10/29/2021 02:18:22 pm,2.400,-0.9,10/29/2021 02:19:52 pm,2.400,-0.9,10/29/2021 02:21:52 pm,2.400,-0.8,10/29/2021 02:25:46 pm,2.400,-0.8
10/29/2021 02:12:57 pm,2.450,-0.8,10/29/2021 02:13:29 pm,2.450,-1.0,10/29/2021 02:14:07 pm,2.450,-1.0,10/29/2021 02:14:59 pm,2.450,-1.0,10/29/2021 02:16:28 pm,2.450,-0.8,10/29/2021 02:18:22 pm,2.450,-0.9,10/29/2021 02:19:52 pm,2.450,-0.9,10/29/2021 02:21:52 pm,2.450,-0.7,10/29/2021 02:25:46 pm,2.450,-0.7
10/29/2021 02:12:57 pm,2.500,-0.8,10/29/2021 02:13:29 pm,2.500,-1.2,10/29/2021 02:14:07 pm,2.500,-1.0,10/29/2021 02:14:59 pm,2.500,-0.9,10/29/2021 02:16:28 pm,2.500,-0.8,10/29/2021 02:18:22 pm,2.500,-1.0,10/29/2021 02:19:52 pm,2.500,-0.8,10/29/2021 02:21:52 pm,2.500,-0.6,10/29/2021 02:25:46 pm,2.500,-0.8
10/29/2021 02:12:57 pm,2.550,-0.8,10/29/2021 02:13:29 pm,2.550,-1.0,10/29/2021 02:14:07 pm,2.550,-1.1,10/29/2021 02:14:59 pm,2.550,-0.9,10/29/2021 02:16:28 pm,2.550,-0.9,10/29/2021 02:18:22 pm,2.550,-0.9,10/29/2021 02:19:52 pm,2.550,-0.8,10/29/2021 02:21:52 pm,2.550,-0.7,10/29/2021 02:25:46 pm,2.550,-0.8
10/29/2021 02:12:57 pm,2.600,-0.8,10/29/2021 02:13:29 pm,2.600,-1.1,10/29/2021 02:14:07 pm,2.600,-1.1,10/29/2021 02:14:59 pm,2.600,-1.0,10/29/2021 02:16:28 pm,2.600,-0.8,10/29/2021 02:18:22 pm,2.600,-1.0,10/29/2021 02:19:52 pm,2.600,-0.8,10/29/2021 02:21:52 pm,2.600,-0.8,10/29/2021 02:25:46 pm,2.600,-0.8
10/29/2021 02:12:57 pm,2.650,-0.8,10/29/2021 02:13:29 pm,2.650,-1.0,10/29/2021 02:14:07 pm,2.650,-1.1,10/29/2021 02:14:59 pm,2.650,-1.0,10/29/2021 02:16:28 pm,2.650,-0.8,10/29/2021 02:18:22 pm,2.650,-0.9,10/29/2021 02:19:52 pm,2.650,-0.8,10/29/2021 02:21:52 pm,2.650,-0.7,10/29/2021 02:25:46 pm,2.650,-0.8
10/29/2021 02:12:57 pm,2.700,-0.9,10/29/2021 02:13:29 pm,2.700,-1.1,10/29/2021 02:14:07 pm,2.700,-1.1,10/29/2021 02:14:59 pm,2.700,-1.0,10/29/2021 02:16:28 pm,2.700,-0.9,10/29/2021 02:18:22 pm,2.700,-0.9,10/29/2021 02:19:52 pm,2.700,-0.8,10/29/2021 02:21:52 pm,2.700,-0.7,10/29/2021 02:25:46 pm,2.700,-0.8
10/29/2021 02:12:57 pm,2.750,-0.9,10/29/2021 02:13:29 pm,2.750,-1.0,10/29/2021 02:14:07 pm,2.750,-1.0,10/29/2021 02:14:59 pm,2.750,-1.0,10/29/2021 02:16:28 pm,2.750,-0.8,10/29/2021 02:18:22 pm,2.750,-0.9,10/29/2021 02:19:52 pm,2.750,-0.7,10/29/2021 02:21:52 pm,2.750,-0.8,10/29/2021 02:25:46 pm,2.750,-0.8
10/29/2021 02:12:57 pm,2.800,-0.9,10/29/2021 02:13:29 pm,2.800,-1.1,10/29/2021 02:14:07 pm,2.800,-1.1,10/29/2021 02:14:59 pm,2.800,-1.0,10/29/2021 02:16:28 pm,2.800,-0.8,10/29/2021 02:18:22 pm,2.800,-0.9,10/29/2021 02:19:52 pm,2.800,-0.8,10/29/2021 02:21:52 pm,2.800,-0.7,10/29/2021 02:25:46 pm,2.800,-0.7
10/29/2021 02:12:57 pm,2.850,-0.9,10/29/2021 02:13:29 pm,2.850,-1.1,10/29/2021 02:14:07 pm,2.850,-1.0,10/29/2021 02:14:59 pm,2.850,-1.0,10/29/2021 02:16:28 pm,2.850,-0.8,10/29/2021 02:18:22 pm,2.850,-0.9,10/29/2021 02:19:52 pm,2.850,-0.9,10/29/2021 02:21:52 pm,2.850,-0.7,10/29/2021 02:25:46 pm,2.850,-0.8
10/29/2021 02:12:57 pm,2.900,-1.0,10/29/2021 02:13:29 pm,2.900,-1.1,10/29/2021 02:14:07 pm,2.900,-1.0,10/29/2021 02:14:59 pm,2.900,-1.0,10/29/2021 02:16:28 pm,2.900,-0.8,10/29/2021 02:18:22 pm,2.900,-0.9,10/29/2021 02:19:52 pm,2.900,-0.8,10/29/2021 02:21:52 pm,2.900,-0.7,10/29/2021 02:25:46 pm,2.900,-0.7
10/29/2021 02:12:57 pm,2.950,-0.9,10/29/2021 02:13:29 pm,2.950,-1.0,10/29/2021 02:14:07 pm,2.950,-1.1,10/29/2021 02:14:59 pm,2.950,-0.9,10/29/2021 02:16:28 pm,2.950,-0.8,10/29/2021 02:18:22 pm,2.950,-0.9,10/29/2021 02:19:52 pm,2.950,-0.8,10/29/2021 02:21:52 pm,2.950,-0.7,10/29/2021 02:25:46 pm,2.950,-0.8
10/29/2021 02:12:58 pm,3.000,-0.9,10/29/2021 02:13:30 pm,3.000,-1.0,10/29/2021 02:14:08 pm,3.000,-1.1,10/29/2021 02:15:00 pm,3.000,-1.0,10/29/2021 02:16:29 pm,3.000,-0.8,10/29/2021 02:18:23 pm,3.000,-0.9,10/29/2021 02:19:53 pm,3.000,-0.8,10/29/2021 02:21:53 pm,3.000,-0.8,10/29/2021 02:25:47 pm,3.000,-0.8
10/29/2021 02:12:58 pm,3.050,-0.9,10/29/2021 02:13:30 pm,3.050,-1.0,10/29/2021 02:14:08 pm,3.050,-1.1,10/29/2021 02:15:00 pm,3.050,-1.0,10/29/2021 02:16:29 pm,3.050,-0.7,10/29/2021 02:18:23 pm,3.050,-0.9,10/29/2021 02:19:53 pm,3.050,-0.8,10/29/2021 02:21:53 pm,3.050,-0.8,10/29/2021 02:25:47 pm,3.050,-0.8
10/29/2021 02:12:58 pm,3.100,-0.9,10/29/2021 02:13:30 pm,3.100,-1.1,10/29/2021 02:14:08 pm,3.100,-1.1,10/29/2021 02:15:00 pm,3.100,-1.0,10/29/2021 02:16:29 pm,3.100,-0.8,10/29/2021 02:18:23 pm,3.100,-0.8,10/29/2021 02:19:53 pm,3.100,-0.8,10/29/2021 02:21:53 pm,3.100,-0.8,10/29/2021 02:25:47 pm,3.100,-0.8
10/29/2021 02:12:58 pm,3.150,-0.8,10/29/2021 02:13:30 pm,3.150,-1.0,10/29/2021 02:14:08 pm,3.150,-1.1,10/29/2021 02:15:00 pm,3.150,-1.0,10/29/2021 02:16:29 pm,3.150,-0.7,10/29/2021 02:18:23 pm,3.150,-0.9,10/29/2021 02:19:53 pm,3.150,-0.8,10/29/2021 02:21:53 pm,3.150,-0.8,10/29/2021 02:25:47 pm,3.150,-0.3
10/29/2021 02:12:58 pm,3.200,-1.0,10/29/2021 02:13:30 pm,3.200,-1.1,10/29/2021 02:14:08 pm,3.200,-1.1,10/29/2021 02:15:00 pm,3.200,-1.0,10/29/2021 02:16:29 pm,3.200,-0.8,10/29/2021 02:18:23 pm,3.200,-0.8,10/29/2021 02:19:53 pm,3.200,-0.8,10/29/2021 02:21:53 pm,3.200,-0.8,10/29/2021 02:25:47 pm,3.200,-0.8
10/29/2021 02:12:58 pm,3.250,-0.9,10/29/2021 02:13:30 pm,3.250,-1.0,10/29/2021 02:14:08 pm,3.250,-1.0,10/29/2021 02:15:00 pm,3.250,-0.9,10/29/2021 02:16:29 pm,3.250,-0.8,10/29/2021 02:18:23 pm,3.250,-0.9,10/29/2021 02:19:53 pm,3.250,-0.8,10/29/2021 02:21:53 pm,3.250,-0.7,10/29/2021 02:25:47 pm,3.250,-0.8
10/29/2021 02:12:58 pm,3.300,-1.0,10/29/2021 02:13:30 pm,3.300,-1.0,10/29/2021 02:14:08 pm,3.300,-1.0,10/29/2021 02:15:00 pm,3.300,-0.9,10/29/2021 02:16:29 pm,3.300,-0.8,10/29/2021 02:18:23 pm,3.300,-0.8,10/29/2021 02:19:53 pm,3.300,-0.8,10/29/2021 02:21:53 pm,3.300,-0.7,10/29/2021 02:25:47 pm,3.300,-0.8
10/29/2021 02:12:58 pm,3.350,-1.0,10/29/2021 02:13:30 pm,3.350,-1.0,10/29/2021 02:14:08 pm,3.350,-1.0,10/29/2021 02:15:00 pm,3.350,-0.9,10/29/2021 02:16:29 pm,3.350,-0.8,10/29/2021 02:18:23 pm,3.350,-0.8,10/29/2021 02:19:53 pm,3.350,-0.8,10/29/2021 02:21:53 pm,3.350,-0.8,10/29/2021 02:25:47 pm,3.350,-0.8
10/29/2021 02:12:58 pm,3.400,-1.0,10/29/2021 02:13:30 pm,3.400,-1.0,10/29/2021 02:14:08 pm,3.400,-1.0,10/29/2021 02:15:00 pm,3.400,-0.9,10/29/2021 02:16:29 pm,3.400,-0.8,10/29/2021 02:18:23 pm,3.400,-0.8,10/29/2021 02:19:53 pm,3.400,-0.8,10/29/2021 02:21:53 pm,3.400,-0.8,10/29/2021 02:25:47 pm,3.400,-0.8
10/29/2021 02:12:58 pm,3.450,-1.0,10/29/2021 02:13:30 pm,3.450,-1.0,10/29/2021 02:14:08 pm,3.450,-1.0,10/29/2021 02:15:00 pm,3.450,-0.9,10/29/2021 02:16:29 pm,3.450,-0.9,10/29/2021 02:18:23 pm,3.450,-0.8,10/29/2021 02:19:53 pm,3.450,-0.8,10/29/2021 02:21:53 pm,3.450,-0.7,10/29/2021 02:25:47 pm,3.450,-0.8
10/29/2021 02:12:58 pm,3.500,-1.0,10/29/2021 02:13:30 pm,3.500,-0.9,10/29/2021 02:14:08 pm,3.500,-0.9,10/29/2021 02:15:00 pm,3.500,-0.9,10/29/2021 02:16:29 pm,3.500,-0.8,10/29/2021 02:18:23 pm,3.500,-0.8,10/29/2021 02:19:53 pm,3.500,-0.8,10/29/2021 02:21:53 pm,3.500,-0.7,10/29/2021 02:25:47 pm,3.500,-0.8
10/29/2021 02:12:58 pm,3.550,-1.0,10/29/2021 02:13:30 pm,3.550,-1.1,10/29/2021 02:14:08 pm,3.550,-1.0,10/29/2021 02:15:00 pm,3.550,-0.9,10/29/2021 02:16:29 pm,3.550,-0.8,10/29/2021 02:18:23 pm,3.550,-0.8,10/29/2021 02:19:53 pm,3.550,-0.8,10/29/2021 02:21:53 pm,3.550,-0.7,10/29/2021 02:25:47 pm,3.550,-0.7
10/29/2021 02:12:58 pm,3.600,-1.1,10/29/2021 02:13:30 pm,3.600,-1.0,10/29/2021 02:14:08 pm,3.600,-0.9,10/29/2021 02:15:00 pm,3.600,-0.9,10/29/2021 02:16:29 pm,3.600,-0.9,10/29/2021 02:18:23 pm,3.600,-0.8,10/29/2021 02:19:53 pm,3.600,-0.8,10/29/2021 02:21:53 pm,3.600,-0.7,10/29/2021 02:25:47 pm,3.600,-0.8
10/29/2021 02:12:58 pm,3.650,-0.9,10/29/2021 02:13:30 pm,3.650,-1.1,10/29/2021 02:14:08 pm,3.650,-1.0,10/29/2021 02:15:00 pm,3.650,-0.9,10/29/2021 02:16:29 pm,3.650,-0.8,10/29/2021 02:18:23 pm,3.650,-0.8,10/29/2021 02:19:53 pm,3.650,-0.8,10/29/2021 02:21:53 pm,3.650,-0.8,10/29/2021 02:25:47 pm,3.650,-0.7
10/29/2021 02:12:58 pm,3.700,-1.0,10/29/2021 02:13:30 pm,3.700,-1.0,10/29/2021 02:14:08 pm,3.700,-1.0,10/29/2021 02:15:00 pm,3.700,-1.0,10/29/2021 02:16:29 pm,3.700,-0.8,10/29/2021 02:18:23 pm,3.700,-0.8,10/29/2021 02:19:53 pm,3.700,-0.8,10/29/2021 02:21:53 pm,3.700,-0.8,10/29/2021 02:25:47 pm,3.700,-0.8
10/29/2021 02:12:58 pm,3.750,-0.9,10/29/2021 02:13:30 pm,3.750,-1.0,10/29/2021 02:14:08 pm,3.750,-0.9,10/29/2021 02:15:00 pm,3.750,-0.9,10/29/2021 02:16:29 pm,3.750,-0.8,10/29/2021 02:18:23 pm,3.750,-0.8,10/29/2021 02:19:53 pm,3.750,-0.8,10/29/2021 02:21:53 pm,3.750,-0.8,10/29/2021 02:25:47 pm,3.750,-0.8
10/29/2021 02:12:58 pm,3.800,-1.0,10/29/2021 02:13:30 pm,3.800,-1.1,10/29/2021 02:14:08 pm,3.800,-1.0,10/29/2021 02:15:00 pm,3.800,-1.0,10/29/2021 02:16:29 pm,3.800,-0.8,10/29/2021 02:18:23 pm,3.800,-0.8,10/29/2021 02:19:53 pm,3.800,-0.9,10/29/2021 02:21:53 pm,3.800,-0.7,10/29/2021 02:25:47 pm,3.800,-0.8
10/29/2021 02:12:58 pm,3.850,-0.9,10/29/2021 02:13:30 pm,3.850,-1.1,10/29/2021 02:14:08 pm,3.850,-1.0,10/29/2021 02:15:00 pm,3.850,-0.9,10/29/2021 02:16:29 pm,3.850,-0.8,10/29/2021 02:18:23 pm,3.850,-0.8,10/29/2021 02:19:53 pm,3.850,-0.9,10/29/2021 02:21:53 pm,3.850,-0.7,10/29/2021 02:25:47 pm,3.850,-0.7
10/29/2021 02:12:58 pm,3.900,-0.9,10/29/2021 02:13:30 pm,3.900,-1.1,10/29/2021 02:14:08 pm,3.900,-1.0,10/29/2021 02:15:00 pm,3.900,-1.0,10/29/2021 02:16:29 pm,3.900,-0.8,10/29/2021 02:18:23 pm,3.900,-0.8,10/29/2021 02:19:53 pm,3.900,-0.8,10/29/2021 02:21:53 pm,3.900,-0.7,10/29/2021 02:25:47 pm,3.900,-0.7
10/29/2021 02:12:58 pm,3.950,-1.2,10/29/2021 02:13:30 pm,3.950,-1.0,10/29/2021 02:14:08 pm,3.950,-1.0,10/29/2021 02:15:00 pm,3.950,-0.9,10/29/2021 02:16:29 pm,3.950,-0.8,10/29/2021 02:18:23 pm,3.950,-0.9,10/29/2021 02:19:53 pm,3.950,-0.8,10/29/2021 02:21:53 pm,3.950,-0.7,10/29/2021 02:25:47 pm,3.950,-0.8
10/29/2021 02:12:59 pm,4.000,-1.0,10/29/2021 02:13:31 pm,4.000,-1.1,10/29/2021 02:14:09 pm,4.000,-1.0,10/29/2021 02:15:01 pm,4.000,-0.9,10/29/2021 02:16:30 pm,4.000,-0.8,10/29/2021 02:18:24 pm,4.000,-0.7,10/29/2021 02:19:54 pm,4.000,-0.8,10/29/2021 02:21:54 pm,4.000,-0.7,10/29/2021 02:25:48 pm,4.000,-0.8
10/29/2021 02:12:59 pm,4.050,-1.0,10/29/2021 02:13:31 pm,4.050,-1.1,10/29/2021 02:14:09 pm,4.050,-1.0,10/29/2021 02:15:01 pm,4.050,-0.9,10/29/2021 02:16:30 pm,4.050,-0.8,10/29/2021 02:18:24 pm,4.050,-0.9,10/29/2021 02:19:54 pm,4.050,-0.8,10/29/2021 02:21:54 pm,4.050,-0.7,10/29/2021 02:25:48 pm,4.050,-0.8
10/29/2021 02:12:59 pm,4.100,-1.0,10/29/2021 02:13:31 pm,4.100,-1.1,10/29/2021 02:14:09 pm,4.100,-1.0,10/29/2021 02:15:01 pm,4.100,-0.9,10/29/2021 02:16:30 pm,4.100,-0.8,10/29/2021 02:18:24 pm,4.100,-0.8,10/29/2021 02:19:54 pm,4.100,-0.9,10/29/2021 02:21:54 pm,4.100,-0.7,10/29/2021 02:25:48 pm,4.100,-0.8
10/29/2021 02:12:59 pm,4.150,-1.0,10/29/2021 02:13:31 pm,4.150,-1.1,10/29/2021 02:14:09 pm,4.150,-1.0,10/29/2021 02:15:01 pm,4.150,-0.9,10/29/2021 02:16:30 pm,4.150,-0.8,10/29/2021 02:18:24 pm,4.150,-0.8,10/29/2021 02:19:54 pm,4.150,-0.9,10/29/2021 02:21:54 pm,4.150,-0.8,10/29/2021 02:25:48 pm,4.150,-0.8
10/29/2021 02:12:59 pm,4.200,-1.1,10/29/2021 02:13:31 pm,4.200,-1.1,10/29/2021 02:14:09 pm,4.200,-1.0,10/29/2021 02:15:01 pm,4.200,-0.9,10/29/2021 02:16:30 pm,4.200,-0.8,10/29/2021 02:18:24 pm,4.200,-0.7,10/29/2021 02:19:54 pm,4.200,-0.9,10/29/2021 02:21:54 pm,4.200,-0.6,10/29/2021 02:25:48 pm,4.200,-0.8
10/29/2021 02:12:59 pm,4.250,-1.0,10/29/2021 02:13:31 pm,4.250,-1.2,10/29/2021 02:14:09 pm,4.250,-0.9,10/29/2021 02:15:01 pm,4.250,-1.0,10/29/2021 02:16:30 pm,4.250,-0.8,10/29/2021 02:18:24 pm,4.250,-0.8,10/29/2021 02:19:54 pm,4.250,-0.9,10/29/2021 02:21:54 pm,4.250,-0.7,10/29/2021 02:25:48 pm,4.250,-0.8
10/29/2021 02:12:59 pm,4.300,-1.1,10/29/2021 02:13:31 pm,4.300,-1.1,10/29/2021 02:14:09 pm,4.300,-0.9,10/29/2021 02:15:01 pm,4.300,-0.9,10/29/2021 02:16:30 pm,4.300,-0.8,10/29/2021 02:18:24 pm,4.300,-0.8,10/29/2021 02:19:54 pm,4.300,-1.0,10/29/2021 02:21:54 pm,4.300,-0.7,10/29/2021 02:25:48 pm,4.300,-0.8
10/29/2021 02:12:59 pm,4.350,-1.1,10/29/2021 02:13:31 pm,4.350,-1.1,10/29/2021 02:14:09 pm,4.350,-1.1,10/29/2021 02:15:01 pm,4.350,-0.9,10/29/2021 02:16:30 pm,4.350,-0.8,10/29/2021 02:18:24 pm,4.350,-0.8,10/29/2021 02:19:54 pm,4.350,-0.9,10/29/2021 02:21:54 pm,4.350,-0.7,10/29/2021 02:25:48 pm,4.350,-0.8
10/29/2021 02:12:59 pm,4.400,-1.2,10/29/2021 02:13:31 pm,4.400,-1.1,10/29/2021 02:14:09 pm,4.400,-1.0,10/29/2021 02:15:01 pm,4.400,-0.8,10/29/2021 02:16:30 pm,4.400,-0.8,10/29/2021 02:18:24 pm,4.400,-0.8,10/29/2021 02:19:54 pm,4.400,-0.9,10/29/2021 02:21:54 pm,4.400,-0.7,10/29/2021 02:25:48 pm,4.400,-0.7
10/29/2021 02:12:59 pm,4.450,-1.1,10/29/2021 02:13:31 pm,4.450,-1.1,10/29/2021 02:14:09 pm,4.450,-1.0,10/29/2021 02:15:01 pm,4.450,-0.8,10/29/2021 02:16:30 pm,4.450,-0.8,10/29/2021 02:18:24 pm,4.450,-0.8,10/29/2021 02:19:54 pm,4.450,-0.9,10/29/2021 02:21:54 pm,4.450,-0.7,10/29/2021 02:25:48 pm,4.450,-0.8
10/29/2021 02:12:59 pm,4.500,-1.0,10/29/2021 02:13:31 pm,4.500,-1.1,10/29/2021 02:14:09 pm,4.500,-0.9,10/29/2021 02:15:01 pm,4.500,-0.8,10/29/2021 02:16:30 pm,4.500,-0.8,10/29/2021 02:18:24 pm,4.500,-0.8,10/29/2021 02:19:54 pm,4.500,-0.9,10/29/2021 02:21:54 pm,4.500,-0.7,10/29/2021 02:25:48 pm,4.500,-0.8
10/29/2021 02:12:59 pm,4.550,-1.1,10/29/2021 02:13:31 pm,4.550,-1.2,10/29/2021 02:14:09 pm,4.550,-1.1,10/29/2021 02:15:01 pm,4.550,-0.8,10/29/2021 02:16:30 pm,4.550,-0.8,10/29/2021 02:18:24 pm,4.550,-0.8,10/29/2021 02:19:54 pm,4.550,-0.8,10/29/2021 02:21:54 pm,4.550,-0.7,10/29/2021 02:25:48 pm,4.550,-0.8
10/29/2021 02:12:59 pm,4.600,-1.1,10/29/2021 02:13:31 pm,4.600,-1.1,10/29/2021 02:14:09 pm,4.600,-0.9,10/29/2021 02:15:01 pm,4.600,-0.8,10/29/2021 02:16:30 pm,4.600,-0.9,10/29/2021 02:18:24 pm,4.600,-0.8,10/29/2021 02:19:54 pm,4.600,-0.9,10/29/2021 02:21:54 pm,4.600,-0.7,10/29/2021 02:25:48 pm,4.600,-0.8
10/29/2021 02:12:59 pm,4.650,-1.2,10/29/2021 02:13:31 pm,4.650,-1.2,10/29/2021 02:14:09 pm,4.650,-1.0,10/29/2021 02:15:01 pm,4.650,-0.8,10/29/2021 02:16:30 pm,4.650,-0.8,10/29/2021 02:18:24 pm,4.650,-0.7,10/29/2021 02:19:54 pm,4.650,-0.9,10/29/2021 02:21:54 pm,4.650,-0.7,10/29/2021 02:25:48 pm,4.650,-0.8
10/29/2021 02:12:59 pm,4.700,-1.2,10/29/2021 02:13:31 pm,4.700,-1.1,10/29/2021 02:14:09 pm,4.700,-1.0,10/29/2021 02:15:01 pm,4.700,-0.9,10/29/2021 02:16:30 pm,4.700,-0.9,10/29/2021 02:18:24 pm,4.700,-0.8,10/29/2021 02:19:54 pm,4.700,-0.8,10/29/2021 02:21:54 pm,4.700,-0.7,10/29/2021 02:25:48 pm,4.700,-0.8
10/29/2021 02:12:59 pm,4.750,-1.1,10/29/2021 02:13:31 pm,4.750,-1.2,10/29/2021 02:14:09 pm,4.750,-1.0,10/29/2021 02:15:01 pm,4.750,-0.8,10/29/2021 02:16:30 pm,4.750,-0.9,10/29/2021 02:18:24 pm,4.750,-0.8,10/29/2021 02:19:54 pm,4.750,-0.9,10/29/2021 02:21:54 pm,4.750,-0.8,10/29/2021 02:25:48 pm,4.750,-0.8
10/29/2021 02:12:59 pm,4.800,-1.2,10/29/2021 02:13:31 pm,4.800,-1.2,10/29/2021 02:14:09 pm,4.800,-1.0,10/29/2021 02:15:01 pm,4.800,-0.8,10/29/2021 02:16:30 pm,4.800,-0.9,10/29/2021 02:18:24 pm,4.800,-0.8,10/29/2021 02:19:54 pm,4.800,-0.8,10/29/2021 02:21:54 pm,4.800,-0.8,10/29/2021 02:25:48 pm,4.800,-0.8
10/29/2021 02:12:59 pm,4.850,-1.2,10/29/2021 02:13:31 pm,4.850,-1.0,10/29/2021 02:14:09 pm,4.850,-0.9,10/29/2021 02:15:01 pm,4.850,-0.8,10/29/2021 02:16:30 pm,4.850,-0.9,10/29/2021 02:18:24 pm,4.850,-0.8,10/29/2021 02:19:54 pm,4.850,-0.9,10/29/2021 02:21:54 pm,4.850,-0.7,10/29/2021 02:25:48 pm,4.850,-0.8
10/29/2021 02:12:59 pm,4.900,-1.1,10/29/2021 02:13:31 pm,4.900,-1.2,10/29/2021 02:14:09 pm,4.900,-0.8,10/29/2021 02:15:01 pm,4.900,-0.8,10/29/2021 02:16:30 pm,4.900,-0.9,10/29/2021 02:18:24 pm,4.900,-0.8,10/29/2021 02:19:54 pm,4.900,-0.9,10/29/2021 02:21:54 pm,4.900,-0.7,10/29/2021 02:25:48 pm,4.900,-0.8
10/29/2021 02:12:59 pm,4.950,-1.2,10/29/2021 02:13:31 pm,4.950,-1.2,10/29/2021 02:14:09 pm,4.950,-0.9,10/29/2021 02:15:01 pm,4.950,-0.8,10/29/2021 02:16:30 pm,4.950,-0.9,10/29/2021 02:18:24 pm,4.950,-0.8,10/29/2021 02:19:54 pm,4.950,-1.0,10/29/2021 02:21:54 pm,4.950,-0.8,10/29/2021 02:25:48 pm,4.950,-0.8
10/29/2021 02:13:00 pm,5.000,-1.2,10/29/2021 02:13:32 pm,5.000,-1.1,10/29/2021 02:14:10 pm,5.000,-0.9,10/29/2021 02:15:02 pm,5.000,-0.8,10/29/2021 02:16:31 pm,5.000,-0.8,10/29/2021 02:18:25 pm,5.000,-0.8,10/29/2021 02:19:55 pm,5.000,-0.9,10/29/2021 02:21:55 pm,5.000,-0.8,10/29/2021 02:25:49 pm,5.000,-0.8
10/29/2021 02:13:00 pm,5.050,-1.1,10/29/2021 02:13:32 pm,5.050,-1.1,10/29/2021 02:14:10 pm,5.050,-0.9,10/29/2021 02:15:02 pm,5.050,-0.8,10/29/2021 02:16:31 pm,5.050,-0.8,10/29/2021 02:18:25 pm,5.050,-0.8,10/29/2021 02:19:55 pm,5.050,-0.9,10/29/2021 02:21:55 pm,5.050,-0.7,10/29/2021 02:25:49 pm,5.050,-0.8
10/29/2021 02:13:00 pm,5.100,-1.1,10/29/2021 02:13:32 pm,5.100,-1.1,10/29/2021 02:14:10 pm,5.100,-0.8,10/29/2021 02:15:02 pm,5.100,-0.8,10/29/2021 02:16:31 pm,5.100,-0.8,10/29/2021 02:18:25 pm,5.100,-0.8,10/29/2021 02:19:55 pm,5.100,-0.9,10/29/2021 02:21:55 pm,5.100,-0.7,10/29/2021 02:25:49 pm,5.100,-0.8
10/29/2021 02:13:00 pm,5.150,-1.0,10/29/2021 02:13:32 pm,5.150,-1.1,10/29/2021 02:14:10 pm,5.150,-0.8,10/29/2021 02:15:02 pm,5.150,-0.8,10/29/2021 02:16:31 pm,5.150,-0.9,10/29/2021 02:18:25 pm,5.150,-0.7,10/29/2021 02:19:55 pm,5.150,-0.9,10/29/2021 02:21:55 pm,5.150,-0.7,10/29/2021 02:25:49 pm,5.150,-0.7
10/29/2021 02:13:00 pm,5.200,-1.2,10/29/2021 02:13:32 pm,5.200,-1.0,10/29/2021 02:14:10 pm,5.200,-0.8,10/29/2021 02:15:02 pm,5.200,-0.9,10/29/2021 02:16:31 pm,5.200,-0.9,10/29/2021 02:18:25 pm,5.200,-0.8,10/29/2021 02:19:55 pm,5.200,-1.0,10/29/2021 02:21:55 pm,5.200,-0.8,10/29/2021 02:25:49 pm,5.200,-0.8
10/29/2021 02:13:00 pm,5.250,-1.2,10/29/2021 02:13:32 pm,5.250,-1.1,10/29/2021 02:14:10 pm,5.250,-0.9,10/29/2021 02:15:02 pm,5.250,-0.8,10/29/2021 02:16:31 pm,5.250,-0.9,10/29/2021 02:18:25 pm,5.250,-0.7,10/29/2021 02:19:55 pm,5.250,-0.8,10/29/2021 02:21:55 pm,5.250,-0.7,10/29/2021 02:25:49 pm,5.250,-0.7
10/29/2021 02:13:00 pm,5.300,-1.1,10/29/2021 02:13:32 pm,5.300,-1.1,10/29/2021 02:14:10 pm,5.300,-0.8,10/29/2021 02:15:02 pm,5.300,-0.8,10/29/2021 02:16:31 pm,5.300,-0.9,10/29/2021 02:18:25 pm,5.300,-0.7,10/29/2021 02:19:55 pm,5.300,-0.8,10/29/2021 02:21:55 pm,5.300,-0.7,10/29/2021 02:25:49 pm,5.300,-0.8
10/29/2021 02:13:00 pm,5.350,-1.1,10/29/2021 02:13:32 pm,5.350,-1.1,10/29/2021 02:14:10 pm,5.350,-0.8,10/29/2021 02:15:02 pm,5.350,-0.8,10/29/2021 02:16:31 pm,5.350,-0.9,10/29/2021 02:18:25 pm,5.350,-0.8,10/29/2021 02:19:55 pm,5.350,-0.8,10/29/2021 02:21:55 pm,5.350,-0.7,10/29/2021 02:25:49 pm,5.350,-0.8
10/29/2021 02:13:00 pm,5.400,-1.0,10/29/2021 02:13:32 pm,5.400,-1.1,10/29/2021 02:14:10 pm,5.400,-0.9,10/29/2021 02:15:02 pm,5.400,-0.8,10/29/2021 02:16:31 pm,5.400,-0.8,10/29/2021 02:18:25 pm,5.400,-0.7,10/29/2021 02:19:55 pm,5.400,-0.8,10/29/2021 02:21:55 pm,5.400,-0.7,10/29/2021 02:25:49 pm,5.400,-0.8
10/29/2021 02:13:00 pm,5.450,-1.1,10/29/2021 02:13:32 pm,5.450,-1.1,10/29/2021 02:14:10 pm,5.450,-0.9,10/29/2021 02:15:02 pm,5.450,-0.8,10/29/2021 02:16:31 pm,5.450,-0.9,10/29/2021 02:18:25 pm,5.450,-0.8,10/29/2021 02:19:55 pm,5.450,-0.9,10/29/2021 02:21:55 pm,5.450,-0.7,10/29/2021 02:25:49 pm,5.450,-0.8
10/29/2021 02:13:00 pm,5.500,-1.1,10/29/2021 02:13:32 pm,5.500,-1.2,10/29/2021 02:14:10 pm,5.500,-0.9,10/29/2021 02:15:02 pm,5.500,-0.8,10/29/2021 02:16:31 pm,5.500,-0.8,10/29/2021 02:18:25 pm,5.500,-0.7,10/29/2021 02:19:55 pm,5.500,-0.9,10/29/2021 02:21:55 pm,5.500,-0.6,10/29/2021 02:25:49 pm,5.500,-0.8
10/29/2021 02:13:00 pm,5.550,-1.2,10/29/2021 02:13:32 pm,5.550,-1.1,10/29/2021 02:14:10 pm,5.550,-0.8,10/29/2021 02:15:02 pm,5.550,-0.8,10/29/2021 02:16:31 pm,5.550,-0.8,10/29/2021 02:18:25 pm,5.550,-0.8,10/29/2021 02:19:55 pm,5.550,-1.0,10/29/2021 02:21:55 pm,5.550,-0.7,10/29/2021 02:25:49 pm,5.550,-0.7
10/29/2021 02:13:00 pm,5.600,-1.0,10/29/2021 02:13:32 pm,5.600,-1.2,10/29/2021 02:14:10 pm,5.600,-0.8,10/29/2021 02:15:02 pm,5.600,-0.8,10/29/2021 02:16:31 pm,5.600,-0.8,10/29/2021 02:18:25 pm,5.600,-0.7,10/29/2021 02:19:55 pm,5.600,-1.0,10/29/2021 02:21:55 pm,5.600,-0.6,10/29/2021 02:25:49 pm,5.600,-0.7
10/29/2021 02:13:00 pm,5.650,-1.1,10/29/2021 02:13:32 pm,5.650,-1.1,10/29/2021 02:14:10 pm,5.650,-0.9,10/29/2021 02:15:02 pm,5.650,-0.9,10/29/2021 02:16:31 pm,5.650,-0.8,10/29/2021 02:18:25 pm,5.650,-0.7,10/29/2021 02:19:55 pm,5.650,-0.9,10/29/2021 02:21:55 pm,5.650,-0.6,10/29/2021 02:25:49 pm,5.650,-0.7
10/29/2021 02:13:00 pm,5.700,-1.1,10/29/2021 02:13:32 pm,5.700,-1.1,10/29/2021 02:14:10 pm,5.700,-0.9,10/29/2021 02:15:02 pm,5.700,-0.8,10/29/2021 02:16:31 pm,5.700,-0.8,10/29/2021 02:18:25 pm,5.700,-0.8,10/29/2021 02:19:55 pm,5.700,-0.9,10/29/2021 02:21:55 pm,5.700,-0.6,10/29/2021 02:25:49 pm,5.700,-0.7
10/29/2021 02:13:00 pm,5.750,-1.1,10/29/2021 02:13:32 pm,5.750,-1.0,10/29/2021 02:14:10 pm,5.750,-0.9,10/29/2021 02:15:02 pm,5.750,-0.8,10/29/2021 02:16:31 pm,5.750,-0.8,10/29/2021 02:18:25 pm,5.750,-0.7,10/29/2021 02:19:55 pm,5.750,-0.9,10/29/2021 02:21:55 pm,5.750,-0.6,10/29/2021 02:25:49 pm,5.750,-0.7
10/29/2021 02:13:00 pm,5.800,-1.1,10/29/2021 02:13:32 pm,5.800,-1.0,10/29/2021 02:14:10 pm,5.800,-0.9,10/29/2021 02:15:02 pm,5.800,-0.8,10/29/2021 02:16:31 pm,5.800,-0.8,10/29/2021 02:18:25 pm,5.800,-0.8,10/29/2021 02:19:55 pm,5.800,-0.9,10/29/2021 02:21:55 pm,5.800,-0.6,10/29/2021 02:25:49 pm,5.800,-0.8
10/29/2021 02:13:00 pm,5.850,-1.1,10/29/2021 02:13:32 pm,5.850,-1.0,10/29/2021 02:14:10 pm,5.850,-0.9,10/29/2021 02:15:02 pm,5.850,-0.8,10/29/2021 02:16:31 pm,5.850,-0.7,10/29/2021 02:18:25 pm,5.850,-0.8,10/29/2021 02:19:55 pm,5.850,-0.9,10/29/2021 02:21:55 pm,5.850,-0.6,10/29/2021 02:25:49 pm,5.850,-0.8
10/29/2021 02:13:00 pm,5.900,-1.0,10/29/2021 02:13:32 pm,5.900,-1.0,10/29/2021 02:14:10 pm,5.900,-0.8,10/29/2021 02:15:02 pm,5.900,-0.8,10/29/2021 02:16:31 pm,5.900,-0.7,10/29/2021 02:18:25 pm,5.900,-0.8,10/29/2021 02:19:55 pm,5.900,-1.0,10/29/2021 02:21:55 pm,5.900,-0.6,10/29/2021 02:25:49 pm,5.900,-0.8
10/29/2021 02:13:00 pm,5.950,-1.0,10/29/2021 02:13:32 pm,5.950,-1.0,10/29/2021 02:14:10 pm,5.950,-0.8,10/29/2021 02:15:02 pm,5.950,-0.8,10/29/2021 02:16:31 pm,5.950,-0.7,10/29/2021 02:18:25 pm,5.950,-0.8,10/29/2021 02:19:55 pm,5.950,-0.9,10/29/2021 02:21:55 pm,5.950,-0.6,10/29/2021 02:25:49 pm,5.950,-0.7
10/29/2021 02:13:01 pm,6.000,-1.0,10/29/2021 02:13:33 pm,6.000,-1.0,10/29/2021 02:14:11 pm,6.000,-0.9,10/29/2021 02:15:03 pm,6.000,-0.8,10/29/2021 02:16:32 pm,6.000,-0.7,10/29/2021 02:18:26 pm,6.000,-0.7,10/29/2021 02:19:56 pm,6.000,-0.9,10/29/2021 02:21:56 pm,6.000,-0.6,10/29/2021 02:25:50 pm,6.000,-0.7
10/29/2021 02:13:01 pm,6.050,-1.2,10/29/2021 02:13:33 pm,6.050,-1.0,10/29/2021 02:14:11 pm,6.050,-1.0,10/29/2021 02:15:03 pm,6.050,-0.8,10/29/2021 02:16:32 pm,6.050,-0.6,10/29/2021 02:18:26 pm,6.050,-0.7,10/29/2021 02:19:56 pm,6.050,-0.8,10/29/2021 02:21:56 pm,6.050,-0.7,10/29/2021 02:25:50 pm,6.050,-0.8
10/29/2021 02:13:01 pm,6.100,-1.0,10/29/2021 02:13:33 pm,6.100,-1.0,10/29/2021 02:14:11 pm,6.100,-1.0,10/29/2021 02:15:03 pm,6.100,-0.9,10/29/2021 02:16:32 pm,6.100,-0.7,10/29/2021 02:18:26 pm,6.100,-0.8,10/29/2021 02:19:56 pm,6.100,-0.8,10/29/2021 02:21:56 pm,6.100,-0.6,10/29/2021 02:25:50 pm,6.100,-0.8
10/29/2021 02:13:01 pm,6.150,-1.0,10/29/2021 02:13:33 pm,6.150,-1.0,10/29/2021 02:14:11 pm,6.150,-1.0,10/29/2021 02:15:03 pm,6.150,-0.8,10/29/2021 02:16:32 pm,6.150,-0.7,10/29/2021 02:18:26 pm,6.150,-0.8,10/29/2021 02:19:56 pm,6.150,-0.9,10/29/2021 02:21:56 pm,6.150,-0.6,10/29/2021 02:25:50 pm,6.150,-0.8
10/29/2021 02:13:01 pm,6.200,-1.0,10/29/2021 02:13:33 pm,6.200,-1.0,10/29/2021 02:14:11 pm,6.200,-1.2,10/29/2021 02:15:03 pm,6.200,-0.8,10/29/2021 02:16:32 pm,6.200,-0.7,10/29/2021 02:18:26 pm,6.200,-0.8,10/29/2021 02:19:56 pm,6.200,-0.9,10/29/2021 02:21:56 pm,6.200,-0.6,10/29/2021 02:25:50 pm,6.200,-0.8
10/29/2021 02:13:01 pm,6.250,-1.0,10/29/2021 02:13:33 pm,6.250,-0.9,10/29/2021 02:14:11 pm,6.250,-1.2,10/29/2021 02:15:03 pm,6.250,-0.9,10/29/2021 02:16:32 pm,6.250,-0.8,10/29/2021 02:18:26 pm,6.250,-0.8,10/29/2021 02:19:56 pm,6.250,-0.9,10/29/2021 02:21:56 pm,6.250,-0.6,10/29/2021 02:25:50 pm,6.250,-0.8
10/29/2021 02:13:01 pm,6.300,-1.1,10/29/2021 02:13:33 pm,6.300,-1.0,10/29/2021 02:14:11 pm,6.300,-1.1,10/29/2021 02:15:03 pm,6.300,-0.8,10/29/2021 02:16:32 pm,6.300,-0.7,10/29/2021 02:18:26 pm,6.300,-0.8,10/29/2021 02:19:56 pm,6.300,-0.9,10/29/2021 02:21:56 pm,6.300,-0.7,10/29/2021 02:25:50 pm,6.300,-0.8
10/29/2021 02:13:01 pm,6.350,-1.1,10/29/2021 02:13:33 pm,6.350,-1.0,10/29/2021 02:14:11 pm,6.350,-1.0,10/29/2021 02:15:03 pm,6.350,-0.8,10/29/2021 02:16:32 pm,6.350,-0.8,10/29/2021 02:18:26 pm,6.350,-0.7,10/29/2021 02:19:56 pm,6.350,-0.9,10/29/2021 02:21:56 pm,6.350,-0.7,10/29/2021 02:25:50 pm,6.350,-0.8
10/29/2021 02:13:01 pm,6.400,-1.2,10/29/2021 02:13:33 pm,6.400,-1.0,10/29/2021 02:14:11 pm,6.400,-1.0,10/29/2021 02:15:03 pm,6.400,-0.8,10/29/2021 02:16:32 pm,6.400,-0.8,10/29/2021 02:18:26 pm,6.400,-0.8,10/29/2021 02:19:56 pm,6.400,-0.8,10/29/2021 02:21:56 pm,6.400,-0.7,10/29/2021 02:25:50 pm,6.400,-0.8
10/29/2021 02:13:01 pm,6.450,-1.2,10/29/2021 02:13:33 pm,6.450,-1.0,10/29/2021 02:14:11 pm,6.450,-0.8,10/29/2021 02:15:03 pm,6.450,-0.8,10/29/2021 02:16:32 pm,6.450,-0.8,10/29/2021 02:18:26 pm,6.450,-0.8,10/29/2021 02:19:56 pm,6.450,-0.8,10/29/2021 02:21:56 pm,6.450,-0.7,10/29/2021 02:25:50 pm,6.450,-0.8
10/29/2021 02:13:01 pm,6.500,-1.1,10/29/2021 02:13:33 pm,6.500,-1.0,10/29/2021 02:14:11 pm,6.500,-0.8,10/29/2021 02:15:03 pm,6.500,-0.9,10/29/2021 02:16:32 pm,6.500,-0.9,10/29/2021 02:18:26 pm,6.500,-0.8,10/29/2021 02:19:56 pm,6.500,-0.8,10/29/2021 02:21:56 pm,6.500,-0.6,10/29/2021 02:25:50 pm,6.500,-0.9
10/29/2021 02:13:01 pm,6.550,-1.1,10/29/2021 02:13:33 pm,6.550,-1.0,10/29/2021 02:14:11 pm,6.550,-0.8,10/29/2021 02:15:03 pm,6.550,-0.8,10/29/2021 02:16:32 pm,6.550,-0.8,10/29/2021 02:18:26 pm,6.550,-0.8,10/29/2021 02:19:56 pm,6.550,-0.8,10/29/2021 02:21:56 pm,6.550,-0.7,10/29/2021 02:25:50 pm,6.550,-0.8
10/29/2021 02:13:01 pm,6.600,-1.1,10/29/2021 02:13:33 pm,6.600,-1.0,10/29/2021 02:14:11 pm,6.600,-0.9,10/29/2021 02:15:03 pm,6.600,-0.8,10/29/2021 02:16:32 pm,6.600,-0.9,10/29/2021 02:18:26 pm,6.600,-0.8,10/29/2021 02:19:56 pm,6.600,-0.8,10/29/2021 02:21:56 pm,6.600,-0.6,10/29/2021 02:25:50 pm,6.600,-0.8
10/29/2021 02:13:01 pm,6.650,-1.2,10/29/2021 02:13:33 pm,6.650,-0.9,10/29/2021 02:14:11 pm,6.650,-0.9,10/29/2021 02:15:03 pm,6.650,-0.8,10/29/2021 02:16:32 pm,6.650,-0.8,10/29/2021 02:18:26 pm,6.650,-0.8,10/29/2021 02:19:56 pm,6.650,-0.8,10/29/2021 02:21:56 pm,6.650,-0.6,10/29/2021 02:25:50 pm,6.650,-0.7
10/29/2021 02:13:01 pm,6.700,-1.0,10/29/2021 02:13:33 pm,6.700,-0.9,10/29/2021 02:14:11 pm,6.700,-0.9,10/29/2021 02:15:03 pm,6.700,-0.9,10/29/2021 02:16:32 pm,6.700,-0.8,10/29/2021 02:18:26 pm,6.700,-0.8,10/29/2021 02:19:56 pm,6.700,-0.8,10/29/2021 02:21:56 pm,6.700,-0.6,10/29/2021 02:25:50 pm,6.700,-0.7
10/29/2021 02:13:01 pm,6.750,-1.2,10/29/2021 02:13:33 pm,6.750,-0.9,10/29/2021 02:14:11 pm,6.750,-0.9,10/29/2021 02:15:03 pm,6.750,-0.9,10/29/2021 02:16:32 pm,6.750,-0.8,10/29/2021 02:18:26 pm,6.750,-0.8,10/29/2021 02:19:56 pm,6.750,-0.8,10/29/2021 02:21:56 pm,6.750,-0.6,10/29/2021 02:25:50 pm,6.750,-0.8
10/29/2021 02:13:01 pm,6.800,-0.7,10/29/2021 02:13:33 pm,6.800,-0.9,10/29/2021 02:14:11 pm,6.800,-1.0,10/29/2021 02:15:03 pm,6.800,-0.9,10/29/2021 02:16:32 pm,6.800,-0.8,10/29/2021 02:18:26 pm,6.800,-0.8,10/29/2021 02:19:56 pm,6.800,-0.8,10/29/2021 02:21:56 pm,6.800,-0.7,10/29/2021 02:25:50 pm,6.800,-0.6
10/29/2021 02:13:01 pm,6.850,-1.1,10/29/2021 02:13:33 pm,6.850,-0.9,10/29/2021 02:14:11 pm,6.850,-0.9,10/29/2021 02:15:03 pm,6.850,-1.0,10/29/2021 02:16:32 pm,6.850,-0.9,10/29/2021 02:18:26 pm,6.850,-0.9,10/29/2021 02:19:56 pm,6.850,-0.8,10/29/2021 02:21:56 pm,6.850,-0.7,10/29/2021 02:25:50 pm,6.850,-0.7
10/29/2021 02:13:01 pm,6.900,-0.8,10/29/2021 02:13:33 pm,6.900,-1.0,10/29/2021 02:14:11 pm,6.900,-1.0,10/29/2021 02:15:03 pm,6.900,-0.9,10/29/2021 02:16:32 pm,6.900,-0.8,10/29/2021 02:18:26 pm,6.900,-0.9,10/29/2021 02:19:56 pm,6.900,-0.8,10/29/2021 02:21:56 pm,6.900,-0.7,10/29/2021 02:25:50 pm,6.900,-0.7
10/29/2021 02:13:01 pm,6.950,-1.0,10/29/2021 02:13:33 pm,6.950,-0.9,10/29/2021 02:14:11 pm,6.950,-0.9,10/29/2021 02:15:03 pm,6.950,-0.9,10/29/2021 02:16:32 pm,6.950,-0.9,10/29/2021 02:18:26 pm,6.950,-0.9,10/29/2021 02:19:56 pm,6.950,-0.8,10/29/2021 02:21:56 pm,6.950,-0.8,10/29/2021 02:25:50 pm,6.950,-0.7
10/29/2021 02:13:02 pm,7.000,-0.9,10/29/2021 02:13:34 pm,7.000,-1.0,10/29/2021 02:14:12 pm,7.000,-0.9,10/29/2021 02:15:04 pm,7.000,-0.9,10/29/2021 02:16:33 pm,7.000,-0.8,10/29/2021 02:18:27 pm,7.000,-0.9,10/29/2021 02:19:57 pm,7.000,-0.8,10/29/2021 02:21:57 pm,7.000,-0.7,10/29/2021 02:25:51 pm,7.000,-0.7
10/29/2021 02:13:02 pm,7.050,-1.0,10/29/2021 02:13:34 pm,7.050,-1.0,10/29/2021 02:14:12 pm,7.050,-0.8,10/29/2021 02:15:04 pm,7.050,-0.8,10/29/2021 02:16:33 pm,7.050,-0.9,10/29/2021 02:18:27 pm,7.050,-0.8,10/29/2021 02:19:57 pm,7.050,-0.8,10/29/2021 02:21:57 pm,7.050,-0.8,10/29/2021 02:25:51 pm,7.050,-0.7
10/29/2021 02:13:02 pm,7.100,-1.0,10/29/2021 02:13:34 pm,7.100,-0.9,10/29/2021 02:14:12 pm,7.100,-0.9,10/29/2021 02:15:04 pm,7.100,-0.8,10/29/2021 02:16:33 pm,7.100,-0.9,10/29/2021 02:18:27 pm,7.100,-0.8,10/29/2021 02:19:57 pm,7.100,-0.8,10/29/2021 02:21:57 pm,7.100,-0.8,10/29/2021 02:25:51 pm,7.100,-0.8
10/29/2021 02:13:02 pm,7.150,-1.0,10/29/2021 02:13:34 pm,7.150,-0.9,10/29/2021 02:14:12 pm,7.150,-0.9,10/29/2021 02:15:04 pm,7.150,-0.8,10/29/2021 02:16:33 pm,7.150,-0.8,10/29/2021 02:18:27 pm,7.150,-0.8,10/29/2021 02:19:57 pm,7.150,-0.8,10/29/2021 02:21:57 pm,7.150,-0.8,10/29/2021 02:25:51 pm,7.150,-0.8
10/29/2021 02:13:02 pm,7.200,-1.0,10/29/2021 02:13:34 pm,7.200,-1.0,10/29/2021 02:14:12 pm,7.200,-0.9,10/29/2021 02:15:04 pm,7.200,-0.9,10/29/2021 02:16:33 pm,7.200,-0.8,10/29/2021 02:18:27 pm,7.200,-0.8,10/29/2021 02:19:57 pm,7.200,-0.8,10/29/2021 02:21:57 pm,7.200,-0.8,10/29/2021 02:25:51 pm,7.200,-0.7
10/29/2021 02:13:02 pm,7.250,-1.1,10/29/2021 02:13:34 pm,7.250,-1.0,10/29/2021 02:14:12 pm,7.250,-1.0,10/29/2021 02:15:04 pm,7.250,-0.9,10/29/2021 02:16:33 pm,7.250,-0.8,10/29/2021 02:18:27 pm,7.250,-0.8,10/29/2021 02:19:57 pm,7.250,-0.7,10/29/2021 02:21:57 pm,7.250,-0.7,10/29/2021 02:25:51 pm,7.250,-0.8
10/29/2021 02:13:02 pm,7.300,-1.1,10/29/2021 02:13:34 pm,7.300,-1.0,10/29/2021 02:14:12 pm,7.300,-1.0,10/29/2021 02:15:04 pm,7.300,-0.9,10/29/2021 02:16:33 pm,7.300,-0.8,10/29/2021 02:18:27 pm,7.300,-0.8,10/29/2021 02:19:57 pm,7.300,-0.8,10/29/2021 02:21:57 pm,7.300,-0.6,10/29/2021 02:25:51 pm,7.300,-0.8
10/29/2021 02:13:02 pm,7.350,-1.1,10/29/2021 02:13:34 pm,7.350,-1.0,10/29/2021 02:14:12 pm,7.350,-1.0,10/29/2021 02:15:04 pm,7.350,-0.9,10/29/2021 02:16:33 pm,7.350,-0.8,10/29/2021 02:18:27 pm,7.350,-0.8,10/29/2021 02:19:57 pm,7.350,-0.8,10/29/2021 02:21:57 pm,7.350,-0.6,10/29/2021 02:25:51 pm,7.350,-0.7
10/29/2021 02:13:02 pm,7.400,-1.0,10/29/2021 02:13:34 pm,7.400,-1.0,10/29/2021 02:14:12 pm,7.400,-0.9,10/29/2021 02:15:04 pm,7.400,-0.8,10/29/2021 02:16:33 pm,7.400,-0.8,10/29/2021 02:18:27 pm,7.400,-0.8,10/29/2021 02:19:57 pm,7.400,-0.8,10/29/2021 02:21:57 pm,7.400,-0.7,10/29/2021 02:25:51 pm,7.400,-0.7
10/29/2021 02:13:02 pm,7.450,-0.9,10/29/2021 02:13:34 pm,7.450,-1.0,10/29/2021 02:14:12 pm,7.450,-0.8,10/29/2021 02:15:04 pm,7.450,-0.8,10/29/2021 02:16:33 pm,7.450,-0.8,10/29/2021 02:18:27 pm,7.450,-0.8,10/29/2021 02:19:57 pm,7.450,-0.9,10/29/2021 02:21:57 pm,7.450,-0.7,10/29/2021 02:25:51 pm,7.450,-0.7
10/29/2021 02:13:02 pm,7.500,-0.9,10/29/2021 02:13:34 pm,7.500,-0.9,10/29/2021 02:14:12 pm,7.500,-0.8,10/29/2021 02:15:04 pm,7.500,-0.9,10/29/2021 02:16:33 pm,7.500,-0.8,10/29/2021 02:18:27 pm,7.500,-0.8,10/29/2021 02:19:57 pm,7.500,-0.8,10/29/2021 02:21:57 pm,7.500,-0.7,10/29/2021 02:25:51 pm,7.500,-0.7
10/29/2021 02:13:02 pm,7.550,-1.0,10/29/2021 02:13:34 pm,7.550,-1.0,10/29/2021 02:14:12 pm,7.550,-0.8,10/29/2021 02:15:04 pm,7.550,-0.9,10/29/2021 02:16:33 pm,7.550,-0.7,10/29/2021 02:18:27 pm,7.550,-0.8,10/29/2021 02:19:57 pm,7.550,-0.8,10/29/2021 02:21:57 pm,7.550,-0.6,10/29/2021 02:25:51 pm,7.550,-0.7
10/29/2021 02:13:02 pm,7.600,-0.9,10/29/2021 02:13:34 pm,7.600,-1.0,10/29/2021 02:14:12 pm,7.600,-0.8,10/29/2021 02:15:04 pm,7.600,-0.9,10/29/2021 02:16:33 pm,7.600,-0.8,10/29/2021 02:18:27 pm,7.600,-0.8,10/29/2021 02:19:57 pm,7.600,-0.8,10/29/2021 02:21:57 pm,7.600,-0.7,10/29/2021 02:25:51 pm,7.600,-0.7
10/29/2021 02:13:02 pm,7.650,-1.0,10/29/2021 02:13:34 pm,7.650,-0.9,10/29/2021 02:14:12 pm,7.650,-0.8,10/29/2021 02:15:04 pm,7.650,-0.8,10/29/2021 02:16:33 pm,7.650,-0.8,10/29/2021 02:18:27 pm,7.650,-0.8,10/29/2021 02:19:57 pm,7.650,-0.8,10/29/2021 02:21:57 pm,7.650,-0.7,10/29/2021 02:25:51 pm,7.650,-0.8
10/29/2021 02:13:02 pm,7.700,-0.9,10/29/2021 02:13:34 pm,7.700,-1.0,10/29/2021 02:14:12 pm,7.700,-0.8,10/29/2021 02:15:04 pm,7.700,-0.8,10/29/2021 02:16:33 pm,7.700,-0.8,10/29/2021 02:18:27 pm,7.700,-0.8,10/29/2021 02:19:57 pm,7.700,-0.8,10/29/2021 02:21:57 pm,7.700,-0.7,10/29/2021 02:25:51 pm,7.700,-0.7
10/29/2021 02:13:02 pm,7.750,-1.0,10/29/2021 02:13:34 pm,7.750,-0.9,10/29/2021 02:14:12 pm,7.750,-0.8,10/29/2021 02:15:04 pm,7.750,-0.8,10/29/2021 02:16:33 pm,7.750,-0.9,10/29/2021 02:18:27 pm,7.750,-0.8,10/29/2021 02:19:57 pm,7.750,-0.8,10/29/2021 02:21:57 pm,7.750,-0.7,10/29/2021 02:25:51 pm,7.750,-0.7
10/29/2021 02:13:02 pm,7.800,-0.9,10/29/2021 02:13:34 pm,7.800,-1.0,10/29/2021 02:14:12 pm,7.800,-0.7,10/29/2021 02:15:04 pm,7.800,-0.8,10/29/2021 02:16:33 pm,7.800,-0.8,10/29/2021 02:18:27 pm,7.800,-0.9,10/29/2021 02:19:57 pm,7.800,-0.8,10/29/2021 02:21:57 pm,7.800,-0.7,10/29/2021 02:25:51 pm,7.800,-0.8
10/29/2021 02:13:02 pm,7.850,-0.9,10/29/2021 02:13:34 pm,7.850,-1.0,10/29/2021 02:14:12 pm,7.850,-0.8,10/29/2021 02:15:04 pm,7.850,-0.8,10/29/2021 02:16:33 pm,7.850,-0.9,10/29/2021 02:18:27 pm,7.850,-0.8,10/29/2021 02:19:57 pm,7.850,-0.7,10/29/2021 02:21:57 pm,7.850,-0.8,10/29/2021 02:25:51 pm,7.850,-0.8
10/29/2021 02:13:02 pm,7.900,-1.1,10/29/2021 02:13:34 pm,7.900,-0.9,10/29/2021 02:14:12 pm,7.900,-1.0,10/29/2021 02:15:04 pm,7.900,-0.8,10/29/2021 02:16:33 pm,7.900,-0.9,10/29/2021 02:18:27 pm,7.900,-0.9,10/29/2021 02:19:57 pm,7.900,-0.8,10/29/2021 02:21:57 pm,7.900,-0.7,10/29/2021 02:25:51 pm,7.900,-0.7
10/29/2021 02:13:02 pm,7.950,-1.1,10/29/2021 02:13:34 pm,7.950,-0.9,10/29/2021 02:14:12 pm,7.950,-0.9,10/29/2021 02:15:04 pm,7.950,-0.8,10/29/2021 02:16:33 pm,7.950,-0.9,10/29/2021 02:18:27 pm,7.950,-0.8,10/29/2021 02:19:57 pm,7.950,-0.8,10/29/2021 02:21:57 pm,7.950,-0.6,10/29/2021 02:25:51 pm,7.950,-0.7
10/29/2021 02:13:03 pm,8.000,-1.0,10/29/2021 02:13:35 pm,8.000,-0.9,10/29/2021 02:14:13 pm,8.000,-0.8,10/29/2021 02:15:05 pm,8.000,-0.8,10/29/2021 02:16:34 pm,8.000,-0.9,10/29/2021 02:18:28 pm,8.000,-0.8,10/29/2021 02:19:58 pm,8.000,-0.8,10/29/2021 02:21:58 pm,8.000,-0.7,10/29/2021 02:25:52 pm,8.000,-0.7
10/29/2021 02:13:03 pm,8.050,-1.1,10/29/2021 02:13:35 pm,8.050,-0.9,10/29/2021 02:14:13 pm,8.050,-0.8,10/29/2021 02:15:05 pm,8.050,-0.9,10/29/2021 02:16:34 pm,8.050,-0.9,10/29/2021 02:18:28 pm,8.050,-0.8,10/29/2021 02:19:58 pm,8.050,-0.8,10/29/2021 02:21:58 pm,8.050,-0.7,10/29/2021 02:25:52 pm,8.050,-0.7
10/29/2021 02:13:03 pm,8.100,-1.2,10/29/2021 02:13:35 pm,8.100,-1.0,10/29/2021 02:14:13 pm,8.100,-0.8,10/29/2021 02:15:05 pm,8.100,-0.8,10/29/2021 02:16:34 pm,8.100,-0.9,10/29/2021 02:18:28 pm,8.100,-0.9,10/29/2021 02:19:58 pm,8.100,-0.8,10/29/2021 02:21:58 pm,8.100,-0.8,10/29/2021 02:25:52 pm,8.100,-0.7
10/29/2021 02:13:03 pm,8.150,-1.0,10/29/2021 02:13:35 pm,8.150,-1.0,10/29/2021 02:14:13 pm,8.150,-0.8,10/29/2021 02:15:05 pm,8.150,-0.8,10/29/2021 02:16:34 pm,8.150,-0.8,10/29/2021 02:18:28 pm,8.150,-0.9,10/29/2021 02:19:58 pm,8.150,-0.7,10/29/2021 02:21:58 pm,8.150,-0.6,10/29/2021 02:25:52 pm,8.150,-0.7
10/29/2021 02:13:03 pm,8.200,-0.9,10/29/2021 02:13:35 pm,8.200,-0.9,10/29/2021 02:14:13 pm,8.200,-0.9,10/29/2021 02:15:05 pm,8.200,-0.8,10/29/2021 02:16:34 pm,8.200,-0.9,10/29/2021 02:18:28 pm,8.200,-0.9,10/29/2021 02:19:58 pm,8.200,-0.7,10/29/2021 02:21:58 pm,8.200,-0.8,10/29/2021 02:25:52 pm,8.200,-0.7
10/29/2021 02:13:03 pm,8.250,-0.9,10/29/2021 02:13:35 pm,8.250,-0.8,10/29/2021 02:14:13 pm,8.250,-0.8,10/29/2021 02:15:05 pm,8.250,-0.8,10/29/2021 02:16:34 pm,8.250,-0.8,10/29/2021 02:18:28 pm,8.250,-0.9,10/29/2021 02:19:58 pm,8.250,-0.8,10/29/2021 02:21:58 pm,8.250,-0.7,10/29/2021 02:25:52 pm,8.250,-0.7
10/29/2021 02:13:03 pm,8.300,-0.9,10/29/2021 02:13:35 pm,8.300,-0.8,10/29/2021 02:14:13 pm,8.300,-0.9,10/29/2021 02:15:05 pm,8.300,-0.9,10/29/2021 02:16:34 pm,8.300,-0.8,10/29/2021 02:18:28 pm,8.300,-0.9,10/29/2021 02:19:58 pm,8.300,-0.8,10/29/2021 02:21:58 pm,8.300,-0.8,10/29/2021 02:25:52 pm,8.300,-0.7
10/29/2021 02:13:03 pm,8.350,-0.8,10/29/2021 02:13:35 pm,8.350,-1.0,10/29/2021 02:14:13 pm,8.350,-0.8,10/29/2021 02:15:05 pm,8.350,-0.9,10/29/2021 02:16:34 pm,8.350,-0.8,10/29/2021 02:18:28 pm,8.350,-1.0,10/29/2021 02:19:58 pm,8.350,-0.8,10/29/2021 02:21:58 pm,8.350,-0.8,10/29/2021 02:25:52 pm,8.350,-0.6
10/29/2021 02:13:03 pm,8.400,-0.9,10/29/2021 02:13:35 pm,8.400,-1.0,10/29/2021 02:14:13 pm,8.400,-0.9,10/29/2021 02:15:05 pm,8.400,-0.8,10/29/2021 02:16:34 pm,8.400,-0.8,10/29/2021 02:18:28 pm,8.400,-1.0,10/29/2021 02:19:58 pm,8.400,-0.8,10/29/2021 02:21:58 pm,8.400,-0.9,10/29/2021 02:25:52 pm,8.400,-0.6
10/29/2021 02:13:03 pm,8.450,-0.9,10/29/2021 02:13:35 pm,8.450,-1.0,10/29/2021 02:14:13 pm,8.450,-0.8,10/29/2021 02:15:05 pm,8.450,-0.9,10/29/2021 02:16:34 pm,8.450,-0.7,10/29/2021 02:18:28 pm,8.450,-1.0,10/29/2021 02:19:58 pm,8.450,-0.8,10/29/2021 02:21:58 pm,8.450,-0.8,10/29/2021 02:25:52 pm,8.450,-0.5
10/29/2021 02:13:03 pm,8.500,-1.1,10/29/2021 02:13:35 pm,8.500,-1.0,10/29/2021 02:14:13 pm,8.500,-0.8,10/29/2021 02:15:05 pm,8.500,-0.8,10/29/2021 02:16:34 pm,8.500,-0.8,10/29/2021 02:18:28 pm,8.500,-1.0,10/29/2021 02:19:58 pm,8.500,-0.8,10/29/2021 02:21:58 pm,8.500,-0.9,10/29/2021 02:25:52 pm,8.500,-0.5
10/29/2021 02:13:03 pm,8.550,-0.9,10/29/2021 02:13:35 pm,8.550,-1.0,10/29/2021 02:14:13 pm,8.550,-0.8,10/29/2021 02:15:05 pm,8.550,-0.9,10/29/2021 02:16:34 pm,8.550,-0.8,10/29/2021 02:18:28 pm,8.550,-1.0,10/29/2021 02:19:58 pm,8.550,-0.6,10/29/2021 02:21:58 pm,8.550,-0.8,10/29/2021 02:25:52 pm,8.550,-0.5
10/29/2021 02:13:03 pm,8.600,-1.2,10/29/2021 02:13:35 pm,8.600,-1.0,10/29/2021 02:14:13 pm,8.600,-0.8,10/29/2021 02:15:05 pm,8.600,-0.9,10/29/2021 02:16:34 pm,8.600,-0.8,10/29/2021 02:18:28 pm,8.600,-1.1,10/29/2021 02:19:58 pm,8.600,-0.7,10/29/2021 02:21:58 pm,8.600,-0.8,10/29/2021 02:25:52 pm,8.600,-0.5
10/29/2021 02:13:03 pm,8.650,-0.8,10/29/2021 02:13:35 pm,8.650,-0.9,10/29/2021 02:14:13 pm,8.650,-0.8,10/29/2021 02:15:05 pm,8.650,-0.8,10/29/2021 02:16:34 pm,8.650,-0.9,10/29/2021 02:18:28 pm,8.650,-1.0,10/29/2021 02:19:58 pm,8.650,-0.6,10/29/2021 02:21:58 pm,8.650,-0.8,10/29/2021 02:25:52 pm,8.650,-0.3
10/29/2021 02:13:03 pm,8.700,-1.0,10/29/2021 02:13:35 pm,8.700,-0.9,10/29/2021 02:14:13 pm,8.700,-0.7,10/29/2021 02:15:05 pm,8.700,-0.9,10/29/2021 02:16:34 pm,8.700,-0.8,10/29/2021 02:18:28 pm,8.700,-1.0,10/29/2021 02:19:58 pm,8.700,-0.8,10/29/2021 02:21:58 pm,8.700,-0.7,10/29/2021 02:25:52 pm,8.700,-0.3
10/29/2021 02:13:03 pm,8.750,-1.0,10/29/2021 02:13:35 pm,8.750,-1.0,10/29/2021 02:14:13 pm,8.750,-0.6,10/29/2021 02:15:05 pm,8.750,-0.8,10/29/2021 02:16:34 pm,8.750,-0.8,10/29/2021 02:18:28 pm,8.750,-0.9,10/29/2021 02:19:58 pm,8.750,-0.6,10/29/2021 02:21:58 pm,8.750,-0.7,10/29/2021 02:25:52 pm,8.750,-0.1
10/29/2021 02:13:03 pm,8.800,-1.1,10/29/2021 02:13:35 pm,8.800,-1.0,10/29/2021 02:14:13 pm,8.800,-0.6,10/29/2021 02:15:05 pm,8.800,-0.9,10/29/2021 02:16:34 pm,8.800,-0.8,10/29/2021 02:18:28 pm,8.800,-0.9,10/29/2021 02:19:58 pm,8.800,-0.7,10/29/2021 02:21:58 pm,8.800,-0.6,10/29/2021 02:25:52 pm,8.800,-0.1
10/29/2021 02:13:03 pm,8.850,-0.9,10/29/2021 02:13:35 pm,8.850,-1.0,10/29/2021 02:14:13 pm,8.850,-0.6,10/29/2021 02:15:05 pm,8.850,-0.9,10/29/2021 02:16:34 pm,8.850,-0.7,10/29/2021 02:18:28 pm,8.850,-0.9,10/29/2021 02:19:58 pm,8.850,-0.7,10/29/2021 02:21:58 pm,8.850,-0.6,10/29/2021 02:25:52 pm,8.850,-0.1
10/29/2021 02:13:03 pm,8.900,-1.1,10/29/2021 02:13:35 pm,8.900,-1.0,10/29/2021 02:14:13 pm,8.900,-0.6,10/29/2021 02:15:05 pm,8.900,-0.9,10/29/2021 02:16:34 pm,8.900,-0.6,10/29/2021 02:18:28 pm,8.900,-1.0,10/29/2021 02:19:58 pm,8.900,-0.7,10/29/2021 02:21:58 pm,8.900,-0.6,10/29/2021 02:25:52 pm,8.900,-0.1
10/29/2021 02:13:03 pm,8.950,-0.9,10/29/2021 02:13:35 pm,8.950,-1.0,10/29/2021 02:14:13 pm,8.950,-0.2,10/29/2021 02:15:05 pm,8.950,-0.9,10/29/2021 02:16:34 pm,8.950,-0.8,10/29/2021 02:18:28 pm,8.950,-0.9,10/29/2021 02:19:58 pm,8.950,-0.7,10/29/2021 02:21:58 pm,8.950,-0.6,10/29/2021 02:25:52 pm,8.950,-0.1
10/29/2021 02:13:04 pm,9.000,-1.0,10/29/2021 02:13:36 pm,9.000,-1.0,10/29/2021 02:14:14 pm,9.000,-0.1,10/29/2021 02:15:06 pm,9.000,-0.9,10/29/2021 02:16:35 pm,9.000,-0.8,10/29/2021 02:18:29 pm,9.000,-0.8,10/29/2021 02:19:59 pm,9.000,-0.7,10/29/2021 02:21:59 pm,9.000,-0.6,,,
10/29/2021 02:13:04 pm,9.050,-0.8,10/29/2021 02:13:36 pm,9.050,-1.0,10/29/2021 02:14:14 pm,9.050,-0.1,10/29/2021 02:15:06 pm,9.050,-0.9,10/29/2021 02:16:35 pm,9.050,-0.8,10/29/2021 02:18:29 pm,9.050,-0.9,10/29/2021 02:19:59 pm,9.050,-0.7,10/29/2021 02:21:59 pm,9.050,-0.5,,,
10/29/2021 02:13:04 pm,9.100,-0.8,10/29/2021 02:13:36 pm,9.100,-0.9,,,,10/29/2021 02:15:06 pm,9.100,-0.9,10/29/2021 02:16:35 pm,9.100,-0.8,10/29/2021 02:18:29 pm,9.100,-0.8,10/29/2021 02:19:59 pm,9.100,-0.7,10/29/2021 02:21:59 pm,9.100,-0.5,,,
10/29/2021 02:13:04 pm,9.150,-0.8,10/29/2021 02:13:36 pm,9.150,-0.9,,,,10/29/2021 02:15:06 pm,9.150,-0.9,10/29/2021 02:16:35 pm,9.150,-0.6,10/29/2021 02:18:29 pm,9.150,-0.9,10/29/2021 02:19:59 pm,9.150,-0.7,10/29/2021 02:21:59 pm,9.150,-0.5,,,
10/29/2021 02:13:04 pm,9.200,-0.8,10/29/2021 02:13:36 pm,9.200,-0.9,,,,10/29/2021 02:15:06 pm,9.200,-0.9,10/29/2021 02:16:35 pm,9.200,-0.6,10/29/2021 02:18:29 pm,9.200,-0.8,10/29/2021 02:19:59 pm,9.200,-0.8,10/29/2021 02:21:59 pm,9.200,-0.4,,,
10/29/2021 02:13:04 pm,9.250,-0.9,10/29/2021 02:13:36 pm,9.250,-0.8,,,,10/29/2021 02:15:06 pm,9.250,-0.9,10/29/2021 02:16:35 pm,9.250,-0.6,10/29/2021 02:18:29 pm,9.250,-0.8,10/29/2021 02:19:59 pm,9.250,-0.6,10/29/2021 02:21:59 pm,9.250,-0.3,,,
10/29/2021 02:13:04 pm,9.300,-0.8,10/29/2021 02:13:36 pm,9.300,-0.8,,,,10/29/2021 02:15:06 pm,9.300,-0.9,10/29/2021 02:16:35 pm,9.300,-0.4,10/29/2021 02:18:29 pm,9.300,-0.8,10/29/2021 02:19:59 pm,9.300,-0.7,10/29/2021 02:21:59 pm,9.300,-0.1,,,
10/29/2021 02:13:04 pm,9.350,-0.7,10/29/2021 02:13:36 pm,9.350,-0.9,,,,10/29/2021 02:15:06 pm,9.350,-0.9,10/29/2021 02:16:35 pm,9.350,-0.2,10/29/2021 02:18:29 pm,9.350,-0.9,10/29/2021 02:19:59 pm,9.350,-0.6,10/29/2021 02:21:59 pm,9.350,-0.1,,,
10/29/2021 02:13:04 pm,9.400,-0.9,10/29/2021 02:13:36 pm,9.400,-0.9,,,,10/29/2021 02:15:06 pm,9.400,-0.9,10/29/2021 02:16:35 pm,9.400,-0.1,10/29/2021 02:18:29 pm,9.400,-0.9,10/29/2021 02:19:59 pm,9.400,-0.6,10/29/2021 02:21:59 pm,9.400,-0.1,,,
10/29/2021 02:13:04 pm,9.450,-1.0,10/29/2021 02:13:36 pm,9.450,-0.9,,,,10/29/2021 02:15:06 pm,9.450,-0.9,10/29/2021 02:16:35 pm,9.450,-0.1,10/29/2021 02:18:29 pm,9.450,-1.0,10/29/2021 02:19:59 pm,9.450,-0.7,10/29/2021 02:21:59 pm,9.450,-0.1,,,
10/29/2021 02:13:04 pm,9.500,-1.0,10/29/2021 02:13:36 pm,9.500,-0.9,,,,10/29/2021 02:15:06 pm,9.500,-0.9,10/29/2021 02:16:35 pm,9.500,-0.2,10/29/2021 02:18:29 pm,9.500,-0.9,10/29/2021 02:19:59 pm,9.500,-0.6,10/29/2021 02:21:59 pm,9.500,-0.1,,,
10/29/2021 02:13:04 pm,9.550,-0.9,10/29/2021 02:13:36 pm,9.550,-0.9,,,,10/29/2021 02:15:06 pm,9.550,-0.8,10/29/2021 02:16:35 pm,9.550,-0.2,10/29/2021 02:18:29 pm,9.550,-0.9,10/29/2021 02:19:59 pm,9.550,-0.6,10/29/2021 02:21:59 pm,9.550,-0.1,,,
10/29/2021 02:13:04 pm,9.600,-0.9,10/29/2021 02:13:36 pm,9.600,-0.8,,,,10/29/2021 02:15:06 pm,9.600,-0.8,10/29/2021 02:16:35 pm,9.600,-0.2,10/29/2021 02:18:29 pm,9.600,-0.9,10/29/2021 02:19:59 pm,9.600,-0.5,10/29/2021 02:21:59 pm,9.600,-0.1,,,
10/29/2021 02:13:04 pm,9.650,-1.0,10/29/2021 02:13:36 pm,9.650,-0.8,,,,10/29/2021 02:15:06 pm,9.650,-0.8,10/29/2021 02:16:35 pm,9.650,-0.2,10/29/2021 02:18:29 pm,9.650,-0.9,10/29/2021 02:19:59 pm,9.650,-0.6,10/29/2021 02:21:59 pm,9.650,-0.1,,,
10/29/2021 02:13:04 pm,9.700,-0.8,10/29/2021 02:13:36 pm,9.700,-0.8,,,,10/29/2021 02:15:06 pm,9.700,-0.8,,,,10/29/2021 02:18:29 pm,9.700,-0.8,10/29/2021 02:19:59 pm,9.700,-0.4,10/29/2021 02:21:59 pm,9.700,-0.1,,,
10/29/2021 02:13:04 pm,9.750,-0.9,10/29/2021 02:13:36 pm,9.750,-0.8,,,,10/29/2021 02:15:06 pm,9.750,-0.9,,,,10/29/2021 02:18:29 pm,9.750,-0.8,10/29/2021 02:19:59 pm,9.750,-0.5,10/29/2021 02:21:59 pm,9.750,-0.1,,,
10/29/2021 02:13:04 pm,9.800,-0.8,10/29/2021 02:13:36 pm,9.800,-0.8,,,,10/29/2021 02:15:06 pm,9.800,-0.8,,,,10/29/2021 02:18:29 pm,9.800,-0.8,10/29/2021 02:19:59 pm,9.800,-0.6,,,,,,
10/29/2021 02:13:04 pm,9.850,-0.9,10/29/2021 02:13:36 pm,9.850,-0.8,,,,10/29/2021 02:15:06 pm,9.850,-0.8,,,,10/29/2021 02:18:29 pm,9.850,-0.9,10/29/2021 02:19:59 pm,9.850,-0.5,,,,,,
10/29/2021 02:13:04 pm,9.900,-1.0,10/29/2021 02:13:36 pm,9.900,-0.8,,,,10/29/2021 02:15:06 pm,9.900,-0.7,,,,10/29/2021 02:18:29 pm,9.900,-0.9,10/29/2021 02:19:59 pm,9.900,-0.5,,,,,,
10/29/2021 02:13:04 pm,9.950,-0.7,10/29/2021 02:13:36 pm,9.950,-0.9,,,,10/29/2021 02:15:06 pm,9.950,-0.8,,,,10/29/2021 02:18:29 pm,9.950,-0.8,10/29/2021 02:19:59 pm,9.950,-0.4,,,,,,
10/29/2021 02:13:05 pm,10.000,-0.9,10/29/2021 02:13:37 pm,10.000,-0.9,,,,10/29/2021 02:15:07 pm,10.000,-0.8,,,,10/29/2021 02:18:30 pm,10.000,-0.7,10/29/2021 02:20:00 pm,10.000,-0.4,,,,,,
10/29/2021 02:13:05 pm,10.050,-1.0,10/29/2021 02:13:37 pm,10.050,-0.8,,,,10/29/2021 02:15:07 pm,10.050,-0.8,,,,10/29/2021 02:18:30 pm,10.050,-0.7,10/29/2021 02:20:00 pm,10.050,-0.1,,,,,,
10/29/2021 02:13:05 pm,10.100,-1.0,10/29/2021 02:13:37 pm,10.100,-0.9,,,,10/29/2021 02:15:07 pm,10.100,-0.8,,,,10/29/2021 02:18:30 pm,10.100,-0.7,10/29/2021 02:20:00 pm,10.100,-0.1,,,,,,
10/29/2021 02:13:05 pm,10.150,-1.0,10/29/2021 02:13:37 pm,10.150,-0.8,,,,10/29/2021 02:15:07 pm,10.150,-0.7,,,,10/29/2021 02:18:30 pm,10.150,-0.7,10/29/2021 02:20:00 pm,10.150,-0.2,,,,,,
10/29/2021 02:13:05 pm,10.200,-0.9,10/29/2021 02:13:37 pm,10.200,-0.8,,,,10/29/2021 02:15:07 pm,10.200,-0.8,,,,10/29/2021 02:18:30 pm,10.200,-0.5,10/29/2021 02:20:00 pm,10.200,-0.1,,,,,,
10/29/2021 02:13:05 pm,10.250,-1.0,10/29/2021 02:13:37 pm,10.250,-0.9,,,,10/29/2021 02:15:07 pm,10.250,-0.6,,,,10/29/2021 02:18:30 pm,10.250,-0.6,10/29/2021 02:20:00 pm,10.250,-0.2,,,,,,
10/29/2021 02:13:05 pm,10.300,-1.1,10/29/2021 02:13:37 pm,10.300,-0.9,,,,10/29/2021 02:15:07 pm,10.300,-0.7,,,,10/29/2021 02:18:30 pm,10.300,-0.6,10/29/2021 02:20:00 pm,10.300,-0.2,,,,,,
10/29/2021 02:13:05 pm,10.350,-1.0,10/29/2021 02:13:37 pm,10.350,-0.9,,,,10/29/2021 02:15:07 pm,10.350,-0.7,,,,10/29/2021 02:18:30 pm,10.350,-0.3,10/29/2021 02:20:00 pm,10.350,-0.2,,,,,,
10/29/2021 02:13:05 pm,10.400,-1.0,10/29/2021 02:13:37 pm,10.400,-1.0,,,,10/29/2021 02:15:07 pm,10.400,-0.7,,,,10/29/2021 02:18:30 pm,10.400,-0.1,10/29/2021 02:20:00 pm,10.400,-0.2,,,,,,
10/29/2021 02:13:05 pm,10.450,-0.8,10/29/2021 02:13:37 pm,10.450,-0.9,,,,10/29/2021 02:15:07 pm,10.450,-0.7,,,,10/29/2021 02:18:30 pm,10.450,-0.1,10/29/2021 02:20:00 pm,10.450,-0.2,,,,,,
10/29/2021 02:13:05 pm,10.500,-0.8,10/29/2021 02:13:37 pm,10.500,-0.9,,,,10/29/2021 02:15:07 pm,10.500,-0.7,,,,10/29/2021 02:18:30 pm,10.500,-0.1,10/29/2021 02:20:00 pm,10.500,-0.2,,,,,,
10/29/2021 02:13:05 pm,10.550,-1.0,10/29/2021 02:13:37 pm,10.550,-0.9,,,,10/29/2021 02:15:07 pm,10.550,-0.7,,,,10/29/2021 02:18:30 pm,10.550,-0.1,10/29/2021 02:20:00 pm,10.550,-0.2,,,,,,
10/29/2021 02:13:05 pm,10.600,-1.0,10/29/2021 02:13:37 pm,10.600,-0.9,,,,10/29/2021 02:15:07 pm,10.600,-0.3,,,,10/29/2021 02:18:30 pm,10.600,-0.1,,,,,,,,,
10/29/2021 02:13:05 pm,10.650,-1.0,10/29/2021 02:13:37 pm,10.650,-0.9,,,,10/29/2021 02:15:07 pm,10.650,-0.1,,,,10/29/2021 02:18:30 pm,10.650,-0.1,,,,,,,,,
10/29/2021 02:13:05 pm,10.700,-1.0,10/29/2021 02:13:37 pm,10.700,-0.9,,,,10/29/2021 02:15:07 pm,10.700,-0.1,,,,10/29/2021 02:18:30 pm,10.700,-0.1,,,,,,,,,
10/29/2021 02:13:05 pm,10.750,-1.0,10/29/2021 02:13:37 pm,10.750,-0.8,,,,10/29/2021 02:15:07 pm,10.750,-0.1,,,,10/29/2021 02:18:30 pm,10.750,-0.1,,,,,,,,,
10/29/2021 02:13:05 pm,10.800,-1.0,10/29/2021 02:13:37 pm,10.800,-0.8,,,,10/29/2021 02:15:07 pm,10.800,0.0,,,,10/29/2021 02:18:30 pm,10.800,-0.1,,,,,,,,,
10/29/2021 02:13:05 pm,10.850,-0.9,10/29/2021 02:13:37 pm,10.850,-0.8,,,,10/29/2021 02:15:07 pm,10.850,-0.1,,,,10/29/2021 02:18:30 pm,10.850,-0.1,,,,,,,,,
10/29/2021 02:13:05 pm,10.900,-0.9,10/29/2021 02:13:37 pm,10.900,-0.8,,,,10/29/2021 02:15:07 pm,10.900,-0.1,,,,10/29/2021 02:18:30 pm,10.900,-0.1,,,,,,,,,
10/29/2021 02:13:05 pm,10.950,-1.1,10/29/2021 02:13:37 pm,10.950,-0.8,,,,10/29/2021 02:15:07 pm,10.950,-0.1,,,,10/29/2021 02:18:30 pm,10.950,-0.1,,,,,,,,,
10/29/2021 02:13:06 pm,11.000,-0.9,10/29/2021 02:13:38 pm,11.000,-0.8,,,,,,,,,,10/29/2021 02:18:31 pm,11.000,-0.1,,,,,,,,,
10/29/2021 02:13:06 pm,11.050,-0.9,10/29/2021 02:13:38 pm,11.050,-0.8,,,,,,,,,,10/29/2021 02:18:31 pm,11.050,-0.1,,,,,,,,,
10/29/2021 02:13:06 pm,11.100,-0.8,10/29/2021 02:13:38 pm,11.100,-0.8,,,,,,,,,,10/29/2021 02:18:31 pm,11.100,-0.1,,,,,,,,,
10/29/2021 02:13:06 pm,11.150,-0.6,10/29/2021 02:13:38 pm,11.150,-0.8,,,,,,,,,,10/29/2021 02:18:31 pm,11.150,-0.1,,,,,,,,,
10/29/2021 02:13:06 pm,11.200,-1.0,10/29/2021 02:13:38 pm,11.200,-0.8,,,,,,,,,,10/29/2021 02:18:31 pm,11.200,-0.1,,,,,,,,,
10/29/2021 02:13:06 pm,11.250,-1.0,10/29/2021 02:13:38 pm,11.250,-0.7,,,,,,,,,,10/29/2021 02:18:31 pm,11.250,-0.1,,,,,,,,,
10/29/2021 02:13:06 pm,11.300,-0.9,10/29/2021 02:13:38 pm,11.300,-0.7,,,,,,,,,,10/29/2021 02:18:31 pm,11.300,-0.1,,,,,,,,,
10/29/2021 02:13:06 pm,11.350,-0.7,10/29/2021 02:13:38 pm,11.350,-0.8,,,,,,,,,,10/29/2021 02:18:31 pm,11.350,-0.1,,,,,,,,,
10/29/2021 02:13:06 pm,11.400,-0.6,10/29/2021 02:13:38 pm,11.400,-0.9,,,,,,,,,,10/29/2021 02:18:31 pm,11.400,-0.1,,,,,,,,,
10/29/2021 02:13:06 pm,11.450,-0.7,10/29/2021 02:13:38 pm,11.450,-1.0,,,,,,,,,,10/29/2021 02:18:31 pm,11.450,-0.1,,,,,,,,,
10/29/2021 02:13:06 pm,11.500,-0.9,10/29/2021 02:13:38 pm,11.500,-0.9,,,,,,,,,,,,,,,,,,,,,
10/29/2021 02:13:06 pm,11.550,-1.0,10/29/2021 02:13:38 pm,11.550,-0.8,,,,,,,,,,,,,,,,,,,,,
10/29/2021 02:13:06 pm,11.600,-1.0,10/29/2021 02:13:38 pm,11.600,-0.8,,,,,,,,,,,,,,,,,,,,,
10/29/2021 02:13:06 pm,11.650,-0.9,10/29/2021 02:13:38 pm,11.650,-0.8,,,,,,,,,,,,,,,,,,,,,
10/29/2021 02:13:06 pm,11.700,-1.0,10/29/2021 02:13:38 pm,11.700,-0.7,,,,,,,,,,,,,,,,,,,,,
10/29/2021 02:13:06 pm,11.750,-0.8,10/29/2021 02:13:38 pm,11.750,-0.8,,,,,,,,,,,,,,,,,,,,,
10/29/2021 02:13:06 pm,11.800,-0.9,10/29/2021 02:13:38 pm,11.800,-0.8,,,,,,,,,,,,,,,,,,,,,
10/29/2021 02:13:06 pm,11.850,-0.9,10/29/2021 02:13:38 pm,11.850,-0.8,,,,,,,,,,,,,,,,,,,,,
10/29/2021 02:13:06 pm,11.900,-1.0,10/29/2021 02:13:38 pm,11.900,-0.8,,,,,,,,,,,,,,,,,,,,,
10/29/2021 02:13:06 pm,11.950,-1.0,10/29/2021 02:13:38 pm,11.950,-0.9,,,,,,,,,,,,,,,,,,,,,
10/29/2021 02:13:07 pm,12.000,-1.0,10/29/2021 02:13:39 pm,12.000,-0.8,,,,,,,,,,,,,,,,,,,,,
10/29/2021 02:13:07 pm,12.050,-0.9,10/29/2021 02:13:39 pm,12.050,-0.8,,,,,,,,,,,,,,,,,,,,,
10/29/2021 02:13:07 pm,12.100,-0.3,10/29/2021 02:13:39 pm,12.100,-0.8,,,,,,,,,,,,,,,,,,,,,
10/29/2021 02:13:07 pm,12.150,0.0,10/29/2021 02:13:39 pm,12.150,-0.8,,,,,,,,,,,,,,,,,,,,,
10/29/2021 02:13:07 pm,12.200,-0.1,10/29/2021 02:13:39 pm,12.200,-0.8,,,,,,,,,,,,,,,,,,,,,
10/29/2021 02:13:07 pm,12.250,-0.1,10/29/2021 02:13:39 pm,12.250,-0.8,,,,,,,,,,,,,,,,,,,,,
10/29/2021 02:13:07 pm,12.300,0.0,10/29/2021 02:13:39 pm,12.300,-0.8,,,,,,,,,,,,,,,,,,,,,
10/29/2021 02:13:07 pm,12.350,0.0,10/29/2021 02:13:39 pm,12.350,-0.8,,,,,,,,,,,,,,,,,,,,,
10/29/2021 02:13:07 pm,12.400,0.0,10/29/2021 02:13:39 pm,12.400,-0.8,,,,,,,,,,,,,,,,,,,,,
10/29/2021 02:13:07 pm,12.450,0.0,10/29/2021 02:13:39 pm,12.450,-0.8,,,,,,,,,,,,,,,,,,,,,
10/29/2021 02:13:07 pm,12.500,0.0,10/29/2021 02:13:39 pm,12.500,-0.8,,,,,,,,,,,,,,,,,,,,,
10/29/2021 02:13:07 pm,12.550,0.0,10/29/2021 02:13:39 pm,12.550,-0.8,,,,,,,,,,,,,,,,,,,,,
10/29/2021 02:13:07 pm,12.600,0.0,10/29/2021 02:13:39 pm,12.600,-0.9,,,,,,,,,,,,,,,,,,,,,
10/29/2021 02:13:07 pm,12.650,0.0,10/29/2021 02:13:39 pm,12.650,-0.9,,,,,,,,,,,,,,,,,,,,,
10/29/2021 02:13:07 pm,12.700,-0.1,10/29/2021 02:13:39 pm,12.700,-0.8,,,,,,,,,,,,,,,,,,,,,
10/29/2021 02:13:07 pm,12.750,0.0,10/29/2021 02:13:39 pm,12.750,-0.8,,,,,,,,,,,,,,,,,,,,,
10/29/2021 02:13:07 pm,12.800,0.0,10/29/2021 02:13:39 pm,12.800,-0.8,,,,,,,,,,,,,,,,,,,,,
10/29/2021 02:13:07 pm,12.850,0.0,10/29/2021 02:13:39 pm,12.850,-0.9,,,,,,,,,,,,,,,,,,,,,
10/29/2021 02:13:07 pm,12.900,0.0,10/29/2021 02:13:39 pm,12.900,-0.8,,,,,,,,,,,,,,,,,,,,,
10/29/2021 02:13:07 pm,12.950,0.0,10/29/2021 02:13:39 pm,12.950,-0.8,,,,,,,,,,,,,,,,,,,,,
10/29/2021 02:13:08 pm,13.000,0.0,10/29/2021 02:13:40 pm,13.000,-0.8,,,,,,,,,,,,,,,,,,,,,
10/29/2021 02:13:08 pm,13.050,0.0,10/29/2021 02:13:40 pm,13.050,-0.8,,,,,,,,,,,,,,,,,,,,,
10/29/2021 02:13:08 pm,13.100,0.0,10/29/2021 02:13:40 pm,13.100,-0.8,,,,,,,,,,,,,,,,,,,,,
10/29/2021 02:13:08 pm,13.150,0.0,10/29/2021 02:13:40 pm,13.150,-0.9,,,,,,,,,,,,,,,,,,,,,
10/29/2021 02:13:08 pm,13.200,0.0,10/29/2021 02:13:40 pm,13.200,-0.8,,,,,,,,,,,,,,,,,,,,,
10/29/2021 02:13:08 pm,13.250,0.0,10/29/2021 02:13:40 pm,13.250,-0.9,,,,,,,,,,,,,,,,,,,,,
10/29/2021 02:13:08 pm,13.300,0.0,10/29/2021 02:13:40 pm,13.300,-1.0,,,,,,,,,,,,,,,,,,,,,
10/29/2021 02:13:08 pm,13.350,0.0,10/29/2021 02:13:40 pm,13.350,-0.9,,,,,,,,,,,,,,,,,,,,,
10/29/2021 02:13:08 pm,13.400,0.0,10/29/2021 02:13:40 pm,13.400,-1.0,,,,,,,,,,,,,,,,,,,,,
10/29/2021 02:13:08 pm,13.450,0.0,10/29/2021 02:13:40 pm,13.450,-1.0,,,,,,,,,,,,,,,,,,,,,
10/29/2021 02:13:08 pm,13.500,0.0,10/29/2021 02:13:40 pm,13.500,-1.0,,,,,,,,,,,,,,,,,,,,,
10/29/2021 02:13:08 pm,13.550,0.0,10/29/2021 02:13:40 pm,13.550,-0.9,,,,,,,,,,,,,,,,,,,,,
10/29/2021 02:13:08 pm,13.600,0.0,10/29/2021 02:13:40 pm,13.600,-1.0,,,,,,,,,,,,,,,,,,,,,
10/29/2021 02:13:08 pm,13.650,0.0,10/29/2021 02:13:40 pm,13.650,-1.0,,,,,,,,,,,,,,,,,,,,,
10/29/2021 02:13:08 pm,13.700,0.0,10/29/2021 02:13:40 pm,13.700,-1.0,,,,,,,,,,,,,,,,,,,,,
10/29/2021 02:13:08 pm,13.750,0.0,10/29/2021 02:13:40 pm,13.750,-1.0,,,,,,,,,,,,,,,,,,,,,
10/29/2021 02:13:08 pm,13.800,0.0,10/29/2021 02:13:40 pm,13.800,-1.0,,,,,,,,,,,,,,,,,,,,,
10/29/2021 02:13:08 pm,13.850,0.0,10/29/2021 02:13:40 pm,13.850,-1.1,,,,,,,,,,,,,,,,,,,,,
10/29/2021 02:13:08 pm,13.900,0.0,10/29/2021 02:13:40 pm,13.900,-1.0,,,,,,,,,,,,,,,,,,,,,
10/29/2021 02:13:08 pm,13.950,0.0,10/29/2021 02:13:40 pm,13.950,-1.0,,,,,,,,,,,,,,,,,,,,,
,,,10/29/2021 02:13:41 pm,14.000,-1.0,,,,,,,,,,,,,,,,,,,,,
,,,10/29/2021 02:13:41 pm,14.050,-1.0,,,,,,,,,,,,,,,,,,,,,
,,,10/29/2021 02:13:41 pm,14.100,-1.1,,,,,,,,,,,,,,,,,,,,,
,,,10/29/2021 02:13:41 pm,14.150,-1.1,,,,,,,,,,,,,,,,,,,,,
,,,10/29/2021 02:13:41 pm,14.200,-1.0,,,,,,,,,,,,,,,,,,,,,
,,,10/29/2021 02:13:41 pm,14.250,-1.0,,,,,,,,,,,,,,,,,,,,,
,,,10/29/2021 02:13:41 pm,14.300,-1.1,,,,,,,,,,,,,,,,,,,,,
,,,10/29/2021 02:13:41 pm,14.350,-1.0,,,,,,,,,,,,,,,,,,,,,
,,,10/29/2021 02:13:41 pm,14.400,-1.0,,,,,,,,,,,,,,,,,,,,,
,,,10/29/2021 02:13:41 pm,14.450,-1.1,,,,,,,,,,,,,,,,,,,,,
,,,10/29/2021 02:13:41 pm,14.500,-0.9,,,,,,,,,,,,,,,,,,,,,
,,,10/29/2021 02:13:41 pm,14.550,-1.0,,,,,,,,,,,,,,,,,,,,,
,,,10/29/2021 02:13:41 pm,14.600,-1.0,,,,,,,,,,,,,,,,,,,,,
,,,10/29/2021 02:13:41 pm,14.650,-0.9,,,,,,,,,,,,,,,,,,,,,
,,,10/29/2021 02:13:41 pm,14.700,-0.9,,,,,,,,,,,,,,,,,,,,,
,,,10/29/2021 02:13:41 pm,14.750,-0.9,,,,,,,,,,,,,,,,,,,,,
,,,10/29/2021 02:13:41 pm,14.800,-0.9,,,,,,,,,,,,,,,,,,,,,
,,,10/29/2021 02:13:41 pm,14.850,-1.0,,,,,,,,,,,,,,,,,,,,,
,,,10/29/2021 02:13:41 pm,14.900,-1.0,,,,,,,,,,,,,,,,,,,,,
,,,10/29/2021 02:13:41 pm,14.950,-0.9,,,,,,,,,,,,,,,,,,,,,
,,,10/29/2021 02:13:42 pm,15.000,-1.1,,,,,,,,,,,,,,,,,,,,,
,,,10/29/2021 02:13:42 pm,15.050,-1.0,,,,,,,,,,,,,,,,,,,,,
,,,10/29/2021 02:13:42 pm,15.100,-1.0,,,,,,,,,,,,,,,,,,,,,
,,,10/29/2021 02:13:42 pm,15.150,-1.0,,,,,,,,,,,,,,,,,,,,,
,,,10/29/2021 02:13:42 pm,15.200,-0.8,,,,,,,,,,,,,,,,,,,,,
,,,10/29/2021 02:13:42 pm,15.250,-1.0,,,,,,,,,,,,,,,,,,,,,
,,,10/29/2021 02:13:42 pm,15.300,-0.8,,,,,,,,,,,,,,,,,,,,,
,,,10/29/2021 02:13:42 pm,15.350,-0.9,,,,,,,,,,,,,,,,,,,,,
,,,10/29/2021 02:13:42 pm,15.400,-0.8,,,,,,,,,,,,,,,,,,,,,
,,,10/29/2021 02:13:42 pm,15.450,-0.8,,,,,,,,,,,,,,,,,,,,,
,,,10/29/2021 02:13:42 pm,15.500,-0.8,,,,,,,,,,,,,,,,,,,,,
,,,10/29/2021 02:13:42 pm,15.550,-0.8,,,,,,,,,,,,,,,,,,,,,
,,,10/29/2021 02:13:42 pm,15.600,-0.7,,,,,,,,,,,,,,,,,,,,,
,,,10/29/2021 02:13:42 pm,15.650,-0.7,,,,,,,,,,,,,,,,,,,,,
